<?xml version="1.0" encoding="UTF-8"?>
<objects serializationModel="Studio.02.02.00">
	<object class="MixerReturn" id="{cc3dd343-6064-457e-a1e5-81a7feeb5e6f}">
		<property name="overridingInputFormat">
			<value>2</value>
		</property>
		<property name="name">
			<value>Reverb</value>
		</property>
		<relationship name="effectChain">
			<destination>{b6f14d3c-feb1-4cc8-b887-5e111706f1cc}</destination>
		</relationship>
		<relationship name="panner">
			<destination>{4c5affff-34a9-42e1-bcf0-80ed85d71ae7}</destination>
		</relationship>
		<relationship name="output">
			<destination>{7342206a-7c8d-46d8-88dc-9f2aff6ed94e}</destination>
		</relationship>
	</object>
	<object class="MixerBusEffectChain" id="{b6f14d3c-feb1-4cc8-b887-5e111706f1cc}">
		<relationship name="effects">
			<destination>{51262492-60c3-40ae-9515-133b3739d8d6}</destination>
			<destination>{a8b3e376-2398-44fc-8808-7d3e67550447}</destination>
		</relationship>
	</object>
	<object class="MixerBusPanner" id="{4c5affff-34a9-42e1-bcf0-80ed85d71ae7}" />
	<object class="SFXReverbEffect" id="{51262492-60c3-40ae-9515-133b3739d8d6}">
		<property name="wetLevel">
			<value>0</value>
		</property>
		<property name="dryLevel">
			<value>-80</value>
		</property>
	</object>
	<object class="MixerBusFader" id="{a8b3e376-2398-44fc-8808-7d3e67550447}" />
</objects>
