<?xml version="1.0" encoding="UTF-8"?>
<objects serializationModel="Studio.02.02.00">
	<object class="Event" id="{275f3370-ecb3-4603-908f-c0e5a28b6476}">
		<property name="name">
			<value>Scan</value>
		</property>
		<property name="outputFormat">
			<value>1</value>
		</property>
		<relationship name="folder">
			<destination>{24a89e7e-a04b-43ee-b74a-1575b61c6ad2}</destination>
		</relationship>
		<relationship name="mixer">
			<destination>{817aac28-efab-4a69-92c6-bcaa9b691f9a}</destination>
		</relationship>
		<relationship name="masterTrack">
			<destination>{a3a81b46-8a94-460f-a8ee-14286623e397}</destination>
		</relationship>
		<relationship name="mixerInput">
			<destination>{57bde42a-3e75-447b-be5b-0cf433173710}</destination>
		</relationship>
		<relationship name="automatableProperties">
			<destination>{7a28a7ae-b64c-4e95-a237-ed36358df88b}</destination>
		</relationship>
		<relationship name="markerTracks">
			<destination>{e72da706-9773-4a0a-a964-7f858866a5ae}</destination>
		</relationship>
		<relationship name="timeline">
			<destination>{3b480d2f-8203-431b-a6fb-c38edb7768b6}</destination>
		</relationship>
		<relationship name="banks">
			<destination>{15ce56e8-d485-41d7-90f9-1050cf02dcc9}</destination>
		</relationship>
	</object>
	<object class="EventMixer" id="{817aac28-efab-4a69-92c6-bcaa9b691f9a}">
		<relationship name="masterBus">
			<destination>{f7a40000-e433-4506-9540-29fcb9412a73}</destination>
		</relationship>
	</object>
	<object class="MasterTrack" id="{a3a81b46-8a94-460f-a8ee-14286623e397}">
		<relationship name="modules">
			<destination>{dd93ca07-86dc-4f6e-b2d4-3574ff09682d}</destination>
		</relationship>
		<relationship name="mixerGroup">
			<destination>{f7a40000-e433-4506-9540-29fcb9412a73}</destination>
		</relationship>
	</object>
	<object class="MixerInput" id="{57bde42a-3e75-447b-be5b-0cf433173710}">
		<relationship name="effectChain">
			<destination>{56cbbc71-cb83-4632-9323-05804d825c40}</destination>
		</relationship>
		<relationship name="panner">
			<destination>{ac237272-83e1-49d9-958f-53f5f82dd7ba}</destination>
		</relationship>
		<relationship name="output">
			<destination>{7342206a-7c8d-46d8-88dc-9f2aff6ed94e}</destination>
		</relationship>
	</object>
	<object class="EventAutomatableProperties" id="{7a28a7ae-b64c-4e95-a237-ed36358df88b}" />
	<object class="MarkerTrack" id="{e72da706-9773-4a0a-a964-7f858866a5ae}" />
	<object class="Timeline" id="{3b480d2f-8203-431b-a6fb-c38edb7768b6}">
		<relationship name="modules">
			<destination>{dd93ca07-86dc-4f6e-b2d4-3574ff09682d}</destination>
		</relationship>
	</object>
	<object class="EventMixerMaster" id="{f7a40000-e433-4506-9540-29fcb9412a73}">
		<relationship name="effectChain">
			<destination>{9be915f0-358b-4e38-90d4-93c822bb5c38}</destination>
		</relationship>
		<relationship name="panner">
			<destination>{68cdf83f-0874-4e62-94b8-b48b86dbdf90}</destination>
		</relationship>
		<relationship name="mixer">
			<destination>{817aac28-efab-4a69-92c6-bcaa9b691f9a}</destination>
		</relationship>
	</object>
	<object class="SingleSound" id="{dd93ca07-86dc-4f6e-b2d4-3574ff09682d}">
		<property name="length">
			<value>0.11804988662131519</value>
		</property>
		<property name="pitch">
			<value>-0.699999988</value>
		</property>
		<relationship name="audioFile">
			<destination>{5d4cfd5d-58e9-4626-b088-a69922980b99}</destination>
		</relationship>
	</object>
	<object class="MixerBusEffectChain" id="{56cbbc71-cb83-4632-9323-05804d825c40}">
		<relationship name="effects">
			<destination>{eaf308fc-f333-4461-8980-c89dd5fc63e2}</destination>
		</relationship>
	</object>
	<object class="MixerBusPanner" id="{ac237272-83e1-49d9-958f-53f5f82dd7ba}" />
	<object class="MixerBusEffectChain" id="{9be915f0-358b-4e38-90d4-93c822bb5c38}">
		<relationship name="effects">
			<destination>{b403168f-14c0-48a7-b313-e1c77d83920d}</destination>
		</relationship>
	</object>
	<object class="MixerBusPanner" id="{68cdf83f-0874-4e62-94b8-b48b86dbdf90}" />
	<object class="MixerBusFader" id="{eaf308fc-f333-4461-8980-c89dd5fc63e2}" />
	<object class="MixerBusFader" id="{b403168f-14c0-48a7-b313-e1c77d83920d}" />
</objects>
