<?xml version="1.0" encoding="UTF-8"?>
<objects serializationModel="Studio.02.02.00">
	<object class="Event" id="{2a93789b-28ea-44d0-bb22-568c725fd481}">
		<property name="name">
			<value>Waterspray</value>
		</property>
		<property name="outputFormat">
			<value>1</value>
		</property>
		<relationship name="folder">
			<destination>{24a89e7e-a04b-43ee-b74a-1575b61c6ad2}</destination>
		</relationship>
		<relationship name="mixer">
			<destination>{6120c1d1-7b58-408b-bdd0-4094e39369a9}</destination>
		</relationship>
		<relationship name="masterTrack">
			<destination>{715b6517-bd3c-400b-a472-758cdd94f78b}</destination>
		</relationship>
		<relationship name="mixerInput">
			<destination>{d1fb76c1-cc02-47e3-a952-16b808d5e770}</destination>
		</relationship>
		<relationship name="automatableProperties">
			<destination>{07da9d85-603a-4238-b5ad-c715af03d61c}</destination>
		</relationship>
		<relationship name="markerTracks">
			<destination>{3e181564-5db1-4c95-b296-add20320ea0c}</destination>
		</relationship>
		<relationship name="timeline">
			<destination>{1e3cfec6-2d6b-4397-b444-5cb5fde01074}</destination>
		</relationship>
		<relationship name="banks">
			<destination>{15ce56e8-d485-41d7-90f9-1050cf02dcc9}</destination>
		</relationship>
	</object>
	<object class="EventMixer" id="{6120c1d1-7b58-408b-bdd0-4094e39369a9}">
		<relationship name="masterBus">
			<destination>{0020cd63-8f64-4436-8a2f-c4090b6d0f0d}</destination>
		</relationship>
	</object>
	<object class="MasterTrack" id="{715b6517-bd3c-400b-a472-758cdd94f78b}">
		<relationship name="modules">
			<destination>{f7f586ad-fb1f-4577-83f7-755b7e9d9736}</destination>
		</relationship>
		<relationship name="mixerGroup">
			<destination>{0020cd63-8f64-4436-8a2f-c4090b6d0f0d}</destination>
		</relationship>
	</object>
	<object class="MixerInput" id="{d1fb76c1-cc02-47e3-a952-16b808d5e770}">
		<relationship name="effectChain">
			<destination>{f68a9dea-f9b6-4bfa-9a39-36adfbc166a5}</destination>
		</relationship>
		<relationship name="panner">
			<destination>{2d590b5c-d8cd-4be6-8bb6-f0dedc6a1e03}</destination>
		</relationship>
		<relationship name="output">
			<destination>{7342206a-7c8d-46d8-88dc-9f2aff6ed94e}</destination>
		</relationship>
	</object>
	<object class="EventAutomatableProperties" id="{07da9d85-603a-4238-b5ad-c715af03d61c}" />
	<object class="MarkerTrack" id="{3e181564-5db1-4c95-b296-add20320ea0c}" />
	<object class="Timeline" id="{1e3cfec6-2d6b-4397-b444-5cb5fde01074}">
		<relationship name="modules">
			<destination>{f7f586ad-fb1f-4577-83f7-755b7e9d9736}</destination>
		</relationship>
		<relationship name="markers">
			<destination>{605dc35b-4401-4499-b8e5-75917e3fb7f6}</destination>
		</relationship>
	</object>
	<object class="EventMixerMaster" id="{0020cd63-8f64-4436-8a2f-c4090b6d0f0d}">
		<relationship name="effectChain">
			<destination>{d56f5a64-06d5-4947-9a3f-857fded85152}</destination>
		</relationship>
		<relationship name="panner">
			<destination>{0eefdc54-3bcf-402e-9b66-a24e5f4bfb18}</destination>
		</relationship>
		<relationship name="mixer">
			<destination>{6120c1d1-7b58-408b-bdd0-4094e39369a9}</destination>
		</relationship>
	</object>
	<object class="SingleSound" id="{f7f586ad-fb1f-4577-83f7-755b7e9d9736}">
		<property name="isAsync">
			<value>true</value>
		</property>
		<property name="looping">
			<value>true</value>
		</property>
		<relationship name="audioFile">
			<destination>{256bdbb7-68f9-45bd-a8bc-388c96675e2f}</destination>
		</relationship>
	</object>
	<object class="MixerBusEffectChain" id="{f68a9dea-f9b6-4bfa-9a39-36adfbc166a5}">
		<relationship name="effects">
			<destination>{6fa88142-4d65-4158-a993-63da81432e7b}</destination>
		</relationship>
	</object>
	<object class="MixerBusPanner" id="{2d590b5c-d8cd-4be6-8bb6-f0dedc6a1e03}" />
	<object class="LoopRegion" id="{605dc35b-4401-4499-b8e5-75917e3fb7f6}">
		<property name="position">
			<value>0</value>
		</property>
		<property name="length">
			<value>1</value>
		</property>
		<relationship name="timeline">
			<destination>{1e3cfec6-2d6b-4397-b444-5cb5fde01074}</destination>
		</relationship>
		<relationship name="markerTrack">
			<destination>{3e181564-5db1-4c95-b296-add20320ea0c}</destination>
		</relationship>
	</object>
	<object class="MixerBusEffectChain" id="{d56f5a64-06d5-4947-9a3f-857fded85152}">
		<relationship name="effects">
			<destination>{32123b91-ebe5-40cf-b21b-6f1509bf1998}</destination>
		</relationship>
	</object>
	<object class="MixerBusPanner" id="{0eefdc54-3bcf-402e-9b66-a24e5f4bfb18}" />
	<object class="MixerBusFader" id="{6fa88142-4d65-4158-a993-63da81432e7b}" />
	<object class="MixerBusFader" id="{32123b91-ebe5-40cf-b21b-6f1509bf1998}" />
</objects>
