<?xml version="1.0" encoding="UTF-8"?>
<objects serializationModel="Studio.02.02.00">
	<object class="Event" id="{396188a7-c5ab-47e9-8c7d-5fd0bd3babad}">
		<property name="name">
			<value>Level2Music</value>
		</property>
		<property name="outputFormat">
			<value>1</value>
		</property>
		<relationship name="folder">
			<destination>{008d118a-ea90-48c0-9bb8-14a32280844b}</destination>
		</relationship>
		<relationship name="mixer">
			<destination>{74db8e79-0396-4a5c-a4ed-dba2e43f0bda}</destination>
		</relationship>
		<relationship name="masterTrack">
			<destination>{97aeb55f-0320-47d2-a378-585295ea5aa3}</destination>
		</relationship>
		<relationship name="mixerInput">
			<destination>{3392979c-a833-41fb-965b-273f3e90dcd1}</destination>
		</relationship>
		<relationship name="automatableProperties">
			<destination>{e39a1caf-8ed8-44b6-8e35-7bf3d73cb0f5}</destination>
		</relationship>
		<relationship name="markerTracks">
			<destination>{d725ee38-509a-4c4e-9837-0495d7c4be19}</destination>
		</relationship>
		<relationship name="groupTracks">
			<destination>{c22c0bde-d301-4755-af48-5340276aa9ca}</destination>
			<destination>{f4328174-4c22-4846-8a4b-fd070bf9586a}</destination>
			<destination>{57a717da-e228-4c50-b7cc-4f597a8a01ca}</destination>
			<destination>{a1c77655-e9f8-4bed-97e1-554023263572}</destination>
			<destination>{7afeabb9-ffe1-41b9-853e-0bd433b82934}</destination>
		</relationship>
		<relationship name="timeline">
			<destination>{eed78cb0-5312-4203-b219-cce9eb571be6}</destination>
		</relationship>
		<relationship name="parameters">
			<destination>{abc42fdb-812e-4309-bc29-5768c8a6de38}</destination>
			<destination>{763e361b-8d48-4879-a7ef-628aba5e17f6}</destination>
		</relationship>
		<relationship name="banks">
			<destination>{15ce56e8-d485-41d7-90f9-1050cf02dcc9}</destination>
		</relationship>
	</object>
	<object class="EventMixer" id="{74db8e79-0396-4a5c-a4ed-dba2e43f0bda}">
		<relationship name="masterBus">
			<destination>{dac9e8c4-e0f1-456b-be9c-2addf5b89ec5}</destination>
		</relationship>
	</object>
	<object class="MasterTrack" id="{97aeb55f-0320-47d2-a378-585295ea5aa3}">
		<relationship name="mixerGroup">
			<destination>{dac9e8c4-e0f1-456b-be9c-2addf5b89ec5}</destination>
		</relationship>
	</object>
	<object class="MixerInput" id="{3392979c-a833-41fb-965b-273f3e90dcd1}">
		<relationship name="effectChain">
			<destination>{791409ac-1c52-432c-969d-63a79b79f61d}</destination>
		</relationship>
		<relationship name="panner">
			<destination>{04943744-f2ec-49aa-99db-fb7219e9bc77}</destination>
		</relationship>
		<relationship name="output">
			<destination>{7342206a-7c8d-46d8-88dc-9f2aff6ed94e}</destination>
		</relationship>
	</object>
	<object class="EventAutomatableProperties" id="{e39a1caf-8ed8-44b6-8e35-7bf3d73cb0f5}" />
	<object class="MarkerTrack" id="{d725ee38-509a-4c4e-9837-0495d7c4be19}" />
	<object class="GroupTrack" id="{c22c0bde-d301-4755-af48-5340276aa9ca}">
		<relationship name="automationTracks">
			<destination>{3ded7bd4-713f-4d13-80e7-ae9515cfbe5a}</destination>
		</relationship>
		<relationship name="modules">
			<destination>{0dbcc118-253f-4113-8557-4b4e4d7b982b}</destination>
		</relationship>
		<relationship name="mixerGroup">
			<destination>{3405cac6-df38-4d6b-a668-6ae8065a5746}</destination>
		</relationship>
	</object>
	<object class="GroupTrack" id="{f4328174-4c22-4846-8a4b-fd070bf9586a}">
		<relationship name="automationTracks">
			<destination>{f8d4c2ae-5ada-406c-86d9-05a3af60594e}</destination>
		</relationship>
		<relationship name="modules">
			<destination>{4dceb2d0-6377-4516-94d4-27f90e74b509}</destination>
		</relationship>
		<relationship name="mixerGroup">
			<destination>{32205e15-58e0-40e4-8f5a-8fce339608f8}</destination>
		</relationship>
	</object>
	<object class="GroupTrack" id="{57a717da-e228-4c50-b7cc-4f597a8a01ca}">
		<relationship name="automationTracks">
			<destination>{e2071f85-c1d2-47e5-8dc1-1825e2994022}</destination>
		</relationship>
		<relationship name="modules">
			<destination>{27712a5b-b150-4a5b-ac5c-5f1d66003c55}</destination>
		</relationship>
		<relationship name="mixerGroup">
			<destination>{88a68427-0e08-4223-a001-9b90080e69eb}</destination>
		</relationship>
	</object>
	<object class="GroupTrack" id="{a1c77655-e9f8-4bed-97e1-554023263572}">
		<relationship name="automationTracks">
			<destination>{8cf1bce6-7554-4ba7-bd0d-9e6fa45bd317}</destination>
		</relationship>
		<relationship name="modules">
			<destination>{4653dcf6-9ae2-4913-a3c4-c24b351a801d}</destination>
		</relationship>
		<relationship name="mixerGroup">
			<destination>{aa87750f-30e7-4149-9b17-dfe4bda6fced}</destination>
		</relationship>
	</object>
	<object class="GroupTrack" id="{7afeabb9-ffe1-41b9-853e-0bd433b82934}">
		<relationship name="automationTracks">
			<destination>{3a64a051-a937-4d8f-bd7e-bab01ba6d188}</destination>
		</relationship>
		<relationship name="modules">
			<destination>{17c10c0d-c1f3-4e0b-b061-350867308681}</destination>
		</relationship>
		<relationship name="mixerGroup">
			<destination>{12b59ce8-c5d9-4a15-a3dd-d01de220cfca}</destination>
		</relationship>
	</object>
	<object class="Timeline" id="{eed78cb0-5312-4203-b219-cce9eb571be6}">
		<relationship name="modules">
			<destination>{0dbcc118-253f-4113-8557-4b4e4d7b982b}</destination>
			<destination>{4dceb2d0-6377-4516-94d4-27f90e74b509}</destination>
			<destination>{27712a5b-b150-4a5b-ac5c-5f1d66003c55}</destination>
			<destination>{4653dcf6-9ae2-4913-a3c4-c24b351a801d}</destination>
			<destination>{17c10c0d-c1f3-4e0b-b061-350867308681}</destination>
		</relationship>
		<relationship name="markers">
			<destination>{1784b3a6-e148-4c40-ace3-c9b2ea45b6fd}</destination>
		</relationship>
	</object>
	<object class="ParameterProxy" id="{abc42fdb-812e-4309-bc29-5768c8a6de38}">
		<relationship name="preset">
			<destination>{da7e72d6-19f4-45ea-8d3d-bf197def4826}</destination>
		</relationship>
	</object>
	<object class="ParameterProxy" id="{763e361b-8d48-4879-a7ef-628aba5e17f6}">
		<relationship name="preset">
			<destination>{8aa0593c-3b69-497c-9b00-9ba9713b7071}</destination>
		</relationship>
	</object>
	<object class="EventMixerMaster" id="{dac9e8c4-e0f1-456b-be9c-2addf5b89ec5}">
		<relationship name="effectChain">
			<destination>{ad75f7e9-677c-48ae-b3e6-ba7e03f16861}</destination>
		</relationship>
		<relationship name="panner">
			<destination>{c0c433c5-8166-4bee-939d-9dd7ed8a33b4}</destination>
		</relationship>
		<relationship name="mixer">
			<destination>{74db8e79-0396-4a5c-a4ed-dba2e43f0bda}</destination>
		</relationship>
	</object>
	<object class="MixerBusEffectChain" id="{791409ac-1c52-432c-969d-63a79b79f61d}">
		<relationship name="effects">
			<destination>{8be7365e-3386-45ff-bc34-b26973f3d299}</destination>
		</relationship>
	</object>
	<object class="MixerBusPanner" id="{04943744-f2ec-49aa-99db-fb7219e9bc77}" />
	<object class="AutomationTrack" id="{3ded7bd4-713f-4d13-80e7-ae9515cfbe5a}">
		<relationship name="automator">
			<destination>{4f64284f-8c14-4c31-82e2-56f3214547bc}</destination>
		</relationship>
	</object>
	<object class="SingleSound" id="{0dbcc118-253f-4113-8557-4b4e4d7b982b}">
		<property name="length">
			<value>60.631587301587302</value>
		</property>
		<property name="looping">
			<value>true</value>
		</property>
		<relationship name="audioFile">
			<destination>{9f198115-918d-4e22-9ed2-c90075887b86}</destination>
		</relationship>
	</object>
	<object class="EventMixerGroup" id="{3405cac6-df38-4d6b-a668-6ae8065a5746}">
		<property name="name">
			<value>0%</value>
		</property>
		<relationship name="automators">
			<destination>{4f64284f-8c14-4c31-82e2-56f3214547bc}</destination>
		</relationship>
		<relationship name="effectChain">
			<destination>{12981be7-c7d5-4af5-a42a-9aa71e70c430}</destination>
		</relationship>
		<relationship name="panner">
			<destination>{d0e869ef-360f-4b33-93ad-647b3722c73b}</destination>
		</relationship>
		<relationship name="output">
			<destination>{dac9e8c4-e0f1-456b-be9c-2addf5b89ec5}</destination>
		</relationship>
	</object>
	<object class="AutomationTrack" id="{f8d4c2ae-5ada-406c-86d9-05a3af60594e}">
		<relationship name="automator">
			<destination>{df5c82f0-c125-4405-b340-9f5dd67f82ef}</destination>
		</relationship>
	</object>
	<object class="SingleSound" id="{4dceb2d0-6377-4516-94d4-27f90e74b509}">
		<property name="length">
			<value>60.631587301587302</value>
		</property>
		<property name="looping">
			<value>true</value>
		</property>
		<relationship name="audioFile">
			<destination>{9f198115-918d-4e22-9ed2-c90075887b86}</destination>
		</relationship>
	</object>
	<object class="EventMixerGroup" id="{32205e15-58e0-40e4-8f5a-8fce339608f8}">
		<property name="name">
			<value>25%</value>
		</property>
		<relationship name="automators">
			<destination>{df5c82f0-c125-4405-b340-9f5dd67f82ef}</destination>
		</relationship>
		<relationship name="effectChain">
			<destination>{3507b65e-fa39-4ade-9c5d-8b0e7a974bab}</destination>
		</relationship>
		<relationship name="panner">
			<destination>{918ca8e5-5aa6-4b4f-b50f-abb0bc91821b}</destination>
		</relationship>
		<relationship name="output">
			<destination>{dac9e8c4-e0f1-456b-be9c-2addf5b89ec5}</destination>
		</relationship>
	</object>
	<object class="AutomationTrack" id="{e2071f85-c1d2-47e5-8dc1-1825e2994022}">
		<relationship name="automator">
			<destination>{8d337299-1e90-4dc3-90dc-64c38558eb66}</destination>
		</relationship>
	</object>
	<object class="SingleSound" id="{27712a5b-b150-4a5b-ac5c-5f1d66003c55}">
		<property name="length">
			<value>60.631587301587302</value>
		</property>
		<property name="looping">
			<value>true</value>
		</property>
		<relationship name="audioFile">
			<destination>{9f198115-918d-4e22-9ed2-c90075887b86}</destination>
		</relationship>
	</object>
	<object class="EventMixerGroup" id="{88a68427-0e08-4223-a001-9b90080e69eb}">
		<property name="name">
			<value>50%</value>
		</property>
		<relationship name="automators">
			<destination>{8d337299-1e90-4dc3-90dc-64c38558eb66}</destination>
		</relationship>
		<relationship name="effectChain">
			<destination>{c96315ed-7795-4526-ae78-36439630cb3a}</destination>
		</relationship>
		<relationship name="panner">
			<destination>{dcc64c33-3319-45e9-bc8f-bd2f1f4a531b}</destination>
		</relationship>
		<relationship name="output">
			<destination>{dac9e8c4-e0f1-456b-be9c-2addf5b89ec5}</destination>
		</relationship>
	</object>
	<object class="AutomationTrack" id="{8cf1bce6-7554-4ba7-bd0d-9e6fa45bd317}">
		<relationship name="automator">
			<destination>{e60817cc-ddf8-4120-b211-fd9cd35511ca}</destination>
		</relationship>
	</object>
	<object class="SingleSound" id="{4653dcf6-9ae2-4913-a3c4-c24b351a801d}">
		<property name="length">
			<value>60.631587301587302</value>
		</property>
		<property name="looping">
			<value>true</value>
		</property>
		<relationship name="audioFile">
			<destination>{9f198115-918d-4e22-9ed2-c90075887b86}</destination>
		</relationship>
	</object>
	<object class="EventMixerGroup" id="{aa87750f-30e7-4149-9b17-dfe4bda6fced}">
		<property name="name">
			<value>75%</value>
		</property>
		<relationship name="automators">
			<destination>{e60817cc-ddf8-4120-b211-fd9cd35511ca}</destination>
		</relationship>
		<relationship name="effectChain">
			<destination>{310ac8ea-6d5d-4a3b-baad-797c0bb6170c}</destination>
		</relationship>
		<relationship name="panner">
			<destination>{590ba735-3e4b-4764-a0c3-9d13f5835fd3}</destination>
		</relationship>
		<relationship name="output">
			<destination>{dac9e8c4-e0f1-456b-be9c-2addf5b89ec5}</destination>
		</relationship>
	</object>
	<object class="AutomationTrack" id="{3a64a051-a937-4d8f-bd7e-bab01ba6d188}">
		<relationship name="automator">
			<destination>{e7c36a88-d9f4-4280-9b4a-c5a5f0f5e188}</destination>
		</relationship>
	</object>
	<object class="SingleSound" id="{17c10c0d-c1f3-4e0b-b061-350867308681}">
		<property name="length">
			<value>60.631587301587302</value>
		</property>
		<property name="looping">
			<value>true</value>
		</property>
		<relationship name="audioFile">
			<destination>{9f198115-918d-4e22-9ed2-c90075887b86}</destination>
		</relationship>
	</object>
	<object class="EventMixerGroup" id="{12b59ce8-c5d9-4a15-a3dd-d01de220cfca}">
		<property name="name">
			<value>Loss</value>
		</property>
		<relationship name="automators">
			<destination>{e7c36a88-d9f4-4280-9b4a-c5a5f0f5e188}</destination>
		</relationship>
		<relationship name="effectChain">
			<destination>{e57961bc-d112-4c2d-a435-30e24aae26ab}</destination>
		</relationship>
		<relationship name="panner">
			<destination>{20c95fb3-67fe-4a47-b589-6b2c6fca8e76}</destination>
		</relationship>
		<relationship name="output">
			<destination>{dac9e8c4-e0f1-456b-be9c-2addf5b89ec5}</destination>
		</relationship>
	</object>
	<object class="LoopRegion" id="{1784b3a6-e148-4c40-ace3-c9b2ea45b6fd}">
		<property name="position">
			<value>0</value>
		</property>
		<property name="length">
			<value>60.631587301587302</value>
		</property>
		<relationship name="timeline">
			<destination>{eed78cb0-5312-4203-b219-cce9eb571be6}</destination>
		</relationship>
		<relationship name="markerTrack">
			<destination>{d725ee38-509a-4c4e-9837-0495d7c4be19}</destination>
		</relationship>
	</object>
	<object class="MixerBusEffectChain" id="{ad75f7e9-677c-48ae-b3e6-ba7e03f16861}">
		<relationship name="effects">
			<destination>{f894f846-2953-4f92-a1eb-5bde102d1f06}</destination>
			<destination>{5c0d5315-8ff0-4947-89b8-93996f75eaaa}</destination>
		</relationship>
	</object>
	<object class="MixerBusPanner" id="{c0c433c5-8166-4bee-939d-9dd7ed8a33b4}" />
	<object class="MixerBusFader" id="{8be7365e-3386-45ff-bc34-b26973f3d299}" />
	<object class="Automator" id="{4f64284f-8c14-4c31-82e2-56f3214547bc}">
		<property name="nameOfPropertyBeingAutomated">
			<value>volume</value>
		</property>
		<relationship name="automationCurves">
			<destination>{e2dc3476-a5b3-4d88-947f-89ff51306acb}</destination>
			<destination>{92a13bfe-ed70-4b42-bbe3-f76aa89df72d}</destination>
		</relationship>
	</object>
	<object class="MixerBusEffectChain" id="{12981be7-c7d5-4af5-a42a-9aa71e70c430}">
		<relationship name="effects">
			<destination>{b0c3da0f-5b95-4897-9bd5-161438822e9a}</destination>
		</relationship>
	</object>
	<object class="MixerBusPanner" id="{d0e869ef-360f-4b33-93ad-647b3722c73b}" />
	<object class="Automator" id="{df5c82f0-c125-4405-b340-9f5dd67f82ef}">
		<property name="nameOfPropertyBeingAutomated">
			<value>volume</value>
		</property>
		<relationship name="automationCurves">
			<destination>{04918e40-37c7-4240-8e16-116a7b831a73}</destination>
			<destination>{f82593f4-e454-4519-a1b0-42eec45bcfe6}</destination>
		</relationship>
	</object>
	<object class="MixerBusEffectChain" id="{3507b65e-fa39-4ade-9c5d-8b0e7a974bab}">
		<relationship name="effects">
			<destination>{dc93e2e5-6fbf-4099-9caa-fa36b2155d2c}</destination>
			<destination>{6dca4ad5-cfab-408d-bdc9-3835aacd14de}</destination>
		</relationship>
	</object>
	<object class="MixerBusPanner" id="{918ca8e5-5aa6-4b4f-b50f-abb0bc91821b}" />
	<object class="Automator" id="{8d337299-1e90-4dc3-90dc-64c38558eb66}">
		<property name="nameOfPropertyBeingAutomated">
			<value>volume</value>
		</property>
		<relationship name="automationCurves">
			<destination>{2674d565-5083-4490-af24-6f3fe4afec97}</destination>
			<destination>{23ebbee7-9f77-41ec-b0c4-7ec124c5349e}</destination>
		</relationship>
	</object>
	<object class="MixerBusEffectChain" id="{c96315ed-7795-4526-ae78-36439630cb3a}">
		<relationship name="effects">
			<destination>{fa54be33-3666-43d9-a8cf-ac1d3cb5523c}</destination>
			<destination>{38c7a760-9e7a-469c-ade9-87c31e6e32cc}</destination>
		</relationship>
	</object>
	<object class="MixerBusPanner" id="{dcc64c33-3319-45e9-bc8f-bd2f1f4a531b}" />
	<object class="Automator" id="{e60817cc-ddf8-4120-b211-fd9cd35511ca}">
		<property name="nameOfPropertyBeingAutomated">
			<value>volume</value>
		</property>
		<relationship name="automationCurves">
			<destination>{5296687a-7164-4a59-bceb-9cadf592b41b}</destination>
			<destination>{fb919061-beed-4a5f-acfb-f164a2511649}</destination>
		</relationship>
	</object>
	<object class="MixerBusEffectChain" id="{310ac8ea-6d5d-4a3b-baad-797c0bb6170c}">
		<relationship name="effects">
			<destination>{8c3f1727-653c-4ec7-bac1-e94e717371a6}</destination>
			<destination>{78cf1d6b-4bdc-4884-b4f7-51397df93057}</destination>
		</relationship>
	</object>
	<object class="MixerBusPanner" id="{590ba735-3e4b-4764-a0c3-9d13f5835fd3}" />
	<object class="Automator" id="{e7c36a88-d9f4-4280-9b4a-c5a5f0f5e188}">
		<property name="nameOfPropertyBeingAutomated">
			<value>volume</value>
		</property>
		<relationship name="automationCurves">
			<destination>{3bc4f794-168c-4de6-8834-a64ebddc01f1}</destination>
		</relationship>
	</object>
	<object class="MixerBusEffectChain" id="{e57961bc-d112-4c2d-a435-30e24aae26ab}">
		<relationship name="effects">
			<destination>{19953fe6-5f98-4f2d-9a23-0cc474020c16}</destination>
			<destination>{e77bded4-17f4-48ac-a8c4-f2733e949b22}</destination>
		</relationship>
	</object>
	<object class="MixerBusPanner" id="{20c95fb3-67fe-4a47-b589-6b2c6fca8e76}" />
	<object class="MixerBusFader" id="{f894f846-2953-4f92-a1eb-5bde102d1f06}" />
	<object class="SFXReverbEffect" id="{5c0d5315-8ff0-4947-89b8-93996f75eaaa}">
		<property name="decayTime">
			<value>220</value>
		</property>
	</object>
	<object class="AutomationCurve" id="{e2dc3476-a5b3-4d88-947f-89ff51306acb}">
		<relationship name="parameter">
			<destination>{da7e72d6-19f4-45ea-8d3d-bf197def4826}</destination>
		</relationship>
		<relationship name="automationPoints">
			<destination>{5d3f8ad5-1932-4a6d-98a5-cc7e965af8de}</destination>
			<destination>{6f822986-9f99-41c0-abc1-8d99e916f329}</destination>
		</relationship>
	</object>
	<object class="AutomationCurve" id="{92a13bfe-ed70-4b42-bbe3-f76aa89df72d}">
		<relationship name="parameter">
			<destination>{8aa0593c-3b69-497c-9b00-9ba9713b7071}</destination>
		</relationship>
		<relationship name="automationPoints">
			<destination>{348cdb08-0c59-4a7c-86de-ce077dd5643f}</destination>
			<destination>{971330ec-991d-444e-bc46-257b437f43bb}</destination>
		</relationship>
	</object>
	<object class="MixerBusFader" id="{b0c3da0f-5b95-4897-9bd5-161438822e9a}" />
	<object class="AutomationCurve" id="{04918e40-37c7-4240-8e16-116a7b831a73}">
		<relationship name="parameter">
			<destination>{da7e72d6-19f4-45ea-8d3d-bf197def4826}</destination>
		</relationship>
		<relationship name="automationPoints">
			<destination>{16eb9903-bd35-419b-a8d4-6d23a935baf5}</destination>
			<destination>{d6b9d709-c298-40c6-9188-923c1a022151}</destination>
			<destination>{e441c4a7-79a9-4810-a704-76802a5ee343}</destination>
			<destination>{8e4e5e06-7b16-4a64-aa1c-74f4f381e35a}</destination>
			<destination>{6ddec162-15ea-4dc4-8702-95edc5bc6ffd}</destination>
		</relationship>
	</object>
	<object class="AutomationCurve" id="{f82593f4-e454-4519-a1b0-42eec45bcfe6}">
		<relationship name="parameter">
			<destination>{8aa0593c-3b69-497c-9b00-9ba9713b7071}</destination>
		</relationship>
		<relationship name="automationPoints">
			<destination>{746eb794-aaa3-4e8b-8452-287ce702108f}</destination>
			<destination>{5491a796-40aa-4577-a28e-09befefc48b8}</destination>
		</relationship>
	</object>
	<object class="MixerBusFader" id="{dc93e2e5-6fbf-4099-9caa-fa36b2155d2c}" />
	<object class="PitchShifterEffect" id="{6dca4ad5-cfab-408d-bdc9-3835aacd14de}">
		<property name="pitch">
			<value>1.04999995</value>
		</property>
	</object>
	<object class="AutomationCurve" id="{2674d565-5083-4490-af24-6f3fe4afec97}">
		<relationship name="parameter">
			<destination>{da7e72d6-19f4-45ea-8d3d-bf197def4826}</destination>
		</relationship>
		<relationship name="automationPoints">
			<destination>{9cc8ff69-8306-4aee-b41c-4287710ce728}</destination>
			<destination>{466cccf3-eb5b-43ad-9f4a-0df4a433d986}</destination>
			<destination>{e6bacc5c-c8bc-4465-b07b-a6390b3223ba}</destination>
			<destination>{f18b6297-2fa4-4d82-a6e7-63253b0b2906}</destination>
			<destination>{9025adc6-e3cd-4946-9e30-27d4e9864d60}</destination>
		</relationship>
	</object>
	<object class="AutomationCurve" id="{23ebbee7-9f77-41ec-b0c4-7ec124c5349e}">
		<relationship name="parameter">
			<destination>{8aa0593c-3b69-497c-9b00-9ba9713b7071}</destination>
		</relationship>
		<relationship name="automationPoints">
			<destination>{17f45d09-6b23-4448-a8d1-7dfc12ae006d}</destination>
			<destination>{3d1cff2a-e143-4c66-a6b8-52e935352753}</destination>
		</relationship>
	</object>
	<object class="MixerBusFader" id="{fa54be33-3666-43d9-a8cf-ac1d3cb5523c}" />
	<object class="PitchShifterEffect" id="{38c7a760-9e7a-469c-ade9-87c31e6e32cc}">
		<property name="pitch">
			<value>1.10000002</value>
		</property>
	</object>
	<object class="AutomationCurve" id="{5296687a-7164-4a59-bceb-9cadf592b41b}">
		<relationship name="parameter">
			<destination>{da7e72d6-19f4-45ea-8d3d-bf197def4826}</destination>
		</relationship>
		<relationship name="automationPoints">
			<destination>{4f4904fa-1904-4eff-a2f9-093a0f1aa641}</destination>
			<destination>{21a912ff-6c60-4870-86b5-faadc78a4400}</destination>
			<destination>{ee79de88-b7ee-49f3-a2c0-7440d8fedae8}</destination>
			<destination>{2650caf2-24a9-4feb-a7f7-ba463cc717d8}</destination>
			<destination>{eb1f8357-10fc-48d7-a6b6-eb80a57b508b}</destination>
		</relationship>
	</object>
	<object class="AutomationCurve" id="{fb919061-beed-4a5f-acfb-f164a2511649}">
		<relationship name="parameter">
			<destination>{8aa0593c-3b69-497c-9b00-9ba9713b7071}</destination>
		</relationship>
		<relationship name="automationPoints">
			<destination>{68a324bb-7d34-4cb3-b39e-27c0266415f2}</destination>
			<destination>{ec4ff6fc-b7a2-4c5e-853a-404b66867230}</destination>
		</relationship>
	</object>
	<object class="MixerBusFader" id="{8c3f1727-653c-4ec7-bac1-e94e717371a6}" />
	<object class="PitchShifterEffect" id="{78cf1d6b-4bdc-4884-b4f7-51397df93057}">
		<property name="pitch">
			<value>1.29999995</value>
		</property>
	</object>
	<object class="AutomationCurve" id="{3bc4f794-168c-4de6-8834-a64ebddc01f1}">
		<relationship name="parameter">
			<destination>{da7e72d6-19f4-45ea-8d3d-bf197def4826}</destination>
		</relationship>
		<relationship name="automationPoints">
			<destination>{97431525-6df3-4471-b2d3-8780930a2823}</destination>
			<destination>{2416a65f-1f7a-41eb-aec3-99a8b911a82f}</destination>
		</relationship>
	</object>
	<object class="MixerBusFader" id="{19953fe6-5f98-4f2d-9a23-0cc474020c16}" />
	<object class="PitchShifterEffect" id="{e77bded4-17f4-48ac-a8c4-f2733e949b22}">
		<property name="overlap">
			<value>1</value>
		</property>
	</object>
	<object class="AutomationPoint" id="{5d3f8ad5-1932-4a6d-98a5-cc7e965af8de}">
		<property name="position">
			<value>0.23999999999999999</value>
		</property>
		<property name="value">
			<value>0</value>
		</property>
		<property name="curveShape">
			<value>0.498774558</value>
		</property>
	</object>
	<object class="AutomationPoint" id="{6f822986-9f99-41c0-abc1-8d99e916f329}">
		<property name="position">
			<value>0.28000000000000003</value>
		</property>
		<property name="value">
			<value>-80</value>
		</property>
	</object>
	<object class="AutomationPoint" id="{348cdb08-0c59-4a7c-86de-ce077dd5643f}">
		<property name="position">
			<value>1</value>
		</property>
		<property name="value">
			<value>3.81469727e-06</value>
		</property>
	</object>
	<object class="AutomationPoint" id="{971330ec-991d-444e-bc46-257b437f43bb}">
		<property name="position">
			<value>0</value>
		</property>
		<property name="value">
			<value>-7</value>
		</property>
	</object>
	<object class="AutomationPoint" id="{16eb9903-bd35-419b-a8d4-6d23a935baf5}">
		<property name="position">
			<value>0</value>
		</property>
		<property name="value">
			<value>-80</value>
		</property>
	</object>
	<object class="AutomationPoint" id="{d6b9d709-c298-40c6-9188-923c1a022151}">
		<property name="position">
			<value>0.24740484429065746</value>
		</property>
		<property name="value">
			<value>-80</value>
		</property>
		<property name="curveShape">
			<value>-1</value>
		</property>
	</object>
	<object class="AutomationPoint" id="{e441c4a7-79a9-4810-a704-76802a5ee343}">
		<property name="position">
			<value>0.28000000000000003</value>
		</property>
		<property name="value">
			<value>0</value>
		</property>
	</object>
	<object class="AutomationPoint" id="{8e4e5e06-7b16-4a64-aa1c-74f4f381e35a}">
		<property name="position">
			<value>0.49826989619377166</value>
		</property>
		<property name="value">
			<value>3.81469727e-06</value>
		</property>
		<property name="curveShape">
			<value>1</value>
		</property>
	</object>
	<object class="AutomationPoint" id="{6ddec162-15ea-4dc4-8702-95edc5bc6ffd}">
		<property name="position">
			<value>0.53806228373702425</value>
		</property>
		<property name="value">
			<value>-80</value>
		</property>
	</object>
	<object class="AutomationPoint" id="{746eb794-aaa3-4e8b-8452-287ce702108f}">
		<property name="position">
			<value>0</value>
		</property>
		<property name="value">
			<value>-7</value>
		</property>
	</object>
	<object class="AutomationPoint" id="{5491a796-40aa-4577-a28e-09befefc48b8}">
		<property name="position">
			<value>1</value>
		</property>
		<property name="value">
			<value>-0.0141906738</value>
		</property>
	</object>
	<object class="AutomationPoint" id="{9cc8ff69-8306-4aee-b41c-4287710ce728}">
		<property name="position">
			<value>0</value>
		</property>
		<property name="value">
			<value>-80</value>
		</property>
	</object>
	<object class="AutomationPoint" id="{466cccf3-eb5b-43ad-9f4a-0df4a433d986}">
		<property name="position">
			<value>0.49826989619377166</value>
		</property>
		<property name="value">
			<value>-80</value>
		</property>
		<property name="curveShape">
			<value>-1</value>
		</property>
	</object>
	<object class="AutomationPoint" id="{e6bacc5c-c8bc-4465-b07b-a6390b3223ba}">
		<property name="position">
			<value>0.54000000000000004</value>
		</property>
		<property name="value">
			<value>0</value>
		</property>
	</object>
	<object class="AutomationPoint" id="{f18b6297-2fa4-4d82-a6e7-63253b0b2906}">
		<property name="position">
			<value>0.74740484429065746</value>
		</property>
		<property name="value">
			<value>3.81469727e-06</value>
		</property>
		<property name="curveShape">
			<value>1</value>
		</property>
	</object>
	<object class="AutomationPoint" id="{9025adc6-e3cd-4946-9e30-27d4e9864d60}">
		<property name="position">
			<value>0.80000000000000004</value>
		</property>
		<property name="value">
			<value>-80</value>
		</property>
	</object>
	<object class="AutomationPoint" id="{17f45d09-6b23-4448-a8d1-7dfc12ae006d}">
		<property name="position">
			<value>0</value>
		</property>
		<property name="value">
			<value>-7</value>
		</property>
	</object>
	<object class="AutomationPoint" id="{3d1cff2a-e143-4c66-a6b8-52e935352753}">
		<property name="position">
			<value>1</value>
		</property>
		<property name="value">
			<value>-38.9451141</value>
		</property>
	</object>
	<object class="AutomationPoint" id="{4f4904fa-1904-4eff-a2f9-093a0f1aa641}">
		<property name="position">
			<value>0</value>
		</property>
		<property name="value">
			<value>-80</value>
		</property>
	</object>
	<object class="AutomationPoint" id="{21a912ff-6c60-4870-86b5-faadc78a4400}">
		<property name="position">
			<value>0.74567474048442905</value>
		</property>
		<property name="value">
			<value>-80</value>
		</property>
		<property name="curveShape">
			<value>-1</value>
		</property>
	</object>
	<object class="AutomationPoint" id="{ee79de88-b7ee-49f3-a2c0-7440d8fedae8}">
		<property name="position">
			<value>0.80000000000000004</value>
		</property>
		<property name="value">
			<value>0</value>
		</property>
	</object>
	<object class="AutomationPoint" id="{2650caf2-24a9-4feb-a7f7-ba463cc717d8}">
		<property name="position">
			<value>1</value>
		</property>
		<property name="value">
			<value>-80</value>
		</property>
	</object>
	<object class="AutomationPoint" id="{eb1f8357-10fc-48d7-a6b6-eb80a57b508b}">
		<property name="position">
			<value>0.98096885813148793</value>
		</property>
		<property name="value">
			<value>3.81469727e-06</value>
		</property>
		<property name="curveShape">
			<value>1</value>
		</property>
	</object>
	<object class="AutomationPoint" id="{68a324bb-7d34-4cb3-b39e-27c0266415f2}">
		<property name="position">
			<value>1</value>
		</property>
		<property name="value">
			<value>0</value>
		</property>
	</object>
	<object class="AutomationPoint" id="{ec4ff6fc-b7a2-4c5e-853a-404b66867230}">
		<property name="position">
			<value>0</value>
		</property>
		<property name="value">
			<value>-7</value>
		</property>
	</object>
	<object class="AutomationPoint" id="{97431525-6df3-4471-b2d3-8780930a2823}">
		<property name="position">
			<value>0.99997916666666664</value>
		</property>
		<property name="value">
			<value>-80</value>
		</property>
	</object>
	<object class="AutomationPoint" id="{2416a65f-1f7a-41eb-aec3-99a8b911a82f}">
		<property name="position">
			<value>1</value>
		</property>
		<property name="value">
			<value>-12.5</value>
		</property>
	</object>
</objects>
