<?xml version="1.0" encoding="UTF-8"?>
<objects serializationModel="Studio.02.02.00">
	<object class="Event" id="{535edad6-66d5-4267-8f00-036147d29cc8}">
		<property name="name">
			<value>FootSteps</value>
		</property>
		<property name="outputFormat">
			<value>5</value>
		</property>
		<relationship name="folder">
			<destination>{24a89e7e-a04b-43ee-b74a-1575b61c6ad2}</destination>
		</relationship>
		<relationship name="mixer">
			<destination>{b531956c-e7fd-4e3c-8fbc-5c08acb9580a}</destination>
		</relationship>
		<relationship name="masterTrack">
			<destination>{8f8888c7-70c2-4ffb-8257-db6e7e3ba990}</destination>
		</relationship>
		<relationship name="mixerInput">
			<destination>{a717addd-df29-4a49-a198-2b5ba5f3f12a}</destination>
		</relationship>
		<relationship name="automatableProperties">
			<destination>{3ea7024b-f8d4-4918-bc97-31091379bfc4}</destination>
		</relationship>
		<relationship name="markerTracks">
			<destination>{d096bf75-fc3b-478b-b3d8-0033e233bbd0}</destination>
		</relationship>
		<relationship name="timeline">
			<destination>{d87a8fcc-8374-4dcd-8029-3a9dc71313a4}</destination>
		</relationship>
		<relationship name="banks">
			<destination>{15ce56e8-d485-41d7-90f9-1050cf02dcc9}</destination>
		</relationship>
	</object>
	<object class="EventMixer" id="{b531956c-e7fd-4e3c-8fbc-5c08acb9580a}">
		<relationship name="masterBus">
			<destination>{3b9a54c4-376c-47a0-895f-f15c7e440ba8}</destination>
		</relationship>
	</object>
	<object class="MasterTrack" id="{8f8888c7-70c2-4ffb-8257-db6e7e3ba990}">
		<relationship name="modules">
			<destination>{cb2287d3-fa26-4d36-8658-6564d1fb6f71}</destination>
		</relationship>
		<relationship name="mixerGroup">
			<destination>{3b9a54c4-376c-47a0-895f-f15c7e440ba8}</destination>
		</relationship>
	</object>
	<object class="MixerInput" id="{a717addd-df29-4a49-a198-2b5ba5f3f12a}">
		<relationship name="effectChain">
			<destination>{82c4a3c1-942e-4f31-989b-0ad8d023f3ac}</destination>
		</relationship>
		<relationship name="panner">
			<destination>{86d5cba5-8a76-43be-967f-7b3df5bf7947}</destination>
		</relationship>
		<relationship name="output">
			<destination>{7342206a-7c8d-46d8-88dc-9f2aff6ed94e}</destination>
		</relationship>
	</object>
	<object class="EventAutomatableProperties" id="{3ea7024b-f8d4-4918-bc97-31091379bfc4}" />
	<object class="MarkerTrack" id="{d096bf75-fc3b-478b-b3d8-0033e233bbd0}" />
	<object class="Timeline" id="{d87a8fcc-8374-4dcd-8029-3a9dc71313a4}">
		<relationship name="modules">
			<destination>{cb2287d3-fa26-4d36-8658-6564d1fb6f71}</destination>
		</relationship>
		<relationship name="markers">
			<destination>{0929fb99-ed0e-4cc7-8256-f5376e3283bd}</destination>
		</relationship>
	</object>
	<object class="EventMixerMaster" id="{3b9a54c4-376c-47a0-895f-f15c7e440ba8}">
		<property name="volume">
			<value>10</value>
		</property>
		<relationship name="effectChain">
			<destination>{d91401b2-610f-46dd-a504-26be23d5fc3d}</destination>
		</relationship>
		<relationship name="panner">
			<destination>{ead82b95-3477-44d7-9b89-a1d20848e409}</destination>
		</relationship>
		<relationship name="mixer">
			<destination>{b531956c-e7fd-4e3c-8fbc-5c08acb9580a}</destination>
		</relationship>
	</object>
	<object class="SoundScatterer" id="{cb2287d3-fa26-4d36-8658-6564d1fb6f71}">
		<property name="length">
			<value>5</value>
		</property>
		<property name="volume">
			<value>10</value>
		</property>
		<property name="polyphony">
			<value>1</value>
		</property>
		<relationship name="sound">
			<destination>{19f5263e-1734-47d1-9e2a-9b5518d5543f}</destination>
		</relationship>
	</object>
	<object class="MixerBusEffectChain" id="{82c4a3c1-942e-4f31-989b-0ad8d023f3ac}">
		<relationship name="effects">
			<destination>{be3381ad-8f84-4ecc-abfb-04ea0da78646}</destination>
		</relationship>
	</object>
	<object class="MixerBusPanner" id="{86d5cba5-8a76-43be-967f-7b3df5bf7947}" />
	<object class="LoopRegion" id="{0929fb99-ed0e-4cc7-8256-f5376e3283bd}">
		<property name="position">
			<value>0</value>
		</property>
		<property name="length">
			<value>4.9999999999999991</value>
		</property>
		<relationship name="timeline">
			<destination>{d87a8fcc-8374-4dcd-8029-3a9dc71313a4}</destination>
		</relationship>
		<relationship name="markerTrack">
			<destination>{d096bf75-fc3b-478b-b3d8-0033e233bbd0}</destination>
		</relationship>
	</object>
	<object class="MixerBusEffectChain" id="{d91401b2-610f-46dd-a504-26be23d5fc3d}">
		<relationship name="effects">
			<destination>{9ad09653-831e-4e32-abd3-98f408558391}</destination>
		</relationship>
	</object>
	<object class="MixerBusPanner" id="{ead82b95-3477-44d7-9b89-a1d20848e409}" />
	<object class="MultiSound" id="{19f5263e-1734-47d1-9e2a-9b5518d5543f}">
		<relationship name="sounds">
			<destination>{5908a796-cb92-448f-83d8-5a5cad8166b1}</destination>
		</relationship>
	</object>
	<object class="MixerBusFader" id="{be3381ad-8f84-4ecc-abfb-04ea0da78646}" />
	<object class="MixerBusFader" id="{9ad09653-831e-4e32-abd3-98f408558391}" />
	<object class="SingleSound" id="{5908a796-cb92-448f-83d8-5a5cad8166b1}">
		<relationship name="audioFile">
			<destination>{ec5c0457-8085-4f6a-8f12-6114376a8925}</destination>
		</relationship>
	</object>
</objects>
