<?xml version="1.0" encoding="UTF-8"?>
<objects serializationModel="Studio.02.02.00">
	<object class="Event" id="{617a47d0-ac2d-4ae0-baeb-c2ef38604f63}">
		<property name="name">
			<value>ManagerVoice</value>
		</property>
		<property name="outputFormat">
			<value>1</value>
		</property>
		<relationship name="folder">
			<destination>{24a89e7e-a04b-43ee-b74a-1575b61c6ad2}</destination>
		</relationship>
		<relationship name="mixer">
			<destination>{a7b8862c-be69-4ee5-a717-f04c105260cd}</destination>
		</relationship>
		<relationship name="masterTrack">
			<destination>{10478fd7-ca65-4aea-8e29-306857c433b1}</destination>
		</relationship>
		<relationship name="mixerInput">
			<destination>{f9a481ff-63b0-4abe-9d4c-6ec55ad54dd4}</destination>
		</relationship>
		<relationship name="automatableProperties">
			<destination>{a1f35451-0386-46ad-869e-4bd7d41a751e}</destination>
		</relationship>
		<relationship name="markerTracks">
			<destination>{65ba5a66-de44-486d-94ee-1c98153c9460}</destination>
		</relationship>
		<relationship name="groupTracks">
			<destination>{07e452e4-2fd9-415f-a890-877b3692de81}</destination>
			<destination>{f5ac286c-1879-40b4-85d8-ccab93ffef72}</destination>
			<destination>{0ed121ef-45db-449a-8edc-702e7f724625}</destination>
		</relationship>
		<relationship name="timeline">
			<destination>{9e9909e3-65a3-4783-bd19-ea0af734ec39}</destination>
		</relationship>
		<relationship name="parameters">
			<destination>{5ffe7fd3-f20f-45bd-a74f-83fe112172ed}</destination>
		</relationship>
		<relationship name="banks">
			<destination>{15ce56e8-d485-41d7-90f9-1050cf02dcc9}</destination>
		</relationship>
	</object>
	<object class="EventMixer" id="{a7b8862c-be69-4ee5-a717-f04c105260cd}">
		<relationship name="masterBus">
			<destination>{16a41f0f-bf73-4d2f-a192-e6078b35545e}</destination>
		</relationship>
	</object>
	<object class="MasterTrack" id="{10478fd7-ca65-4aea-8e29-306857c433b1}">
		<relationship name="mixerGroup">
			<destination>{16a41f0f-bf73-4d2f-a192-e6078b35545e}</destination>
		</relationship>
	</object>
	<object class="MixerInput" id="{f9a481ff-63b0-4abe-9d4c-6ec55ad54dd4}">
		<relationship name="effectChain">
			<destination>{a31bf779-ed6b-4e5e-babd-87552d2c12d6}</destination>
		</relationship>
		<relationship name="panner">
			<destination>{1b6b785e-91cf-4bfb-87f6-60c214d870b0}</destination>
		</relationship>
		<relationship name="output">
			<destination>{7342206a-7c8d-46d8-88dc-9f2aff6ed94e}</destination>
		</relationship>
	</object>
	<object class="EventAutomatableProperties" id="{a1f35451-0386-46ad-869e-4bd7d41a751e}" />
	<object class="MarkerTrack" id="{65ba5a66-de44-486d-94ee-1c98153c9460}" />
	<object class="GroupTrack" id="{07e452e4-2fd9-415f-a890-877b3692de81}">
		<relationship name="automationTracks">
			<destination>{ee401815-580d-4010-89ee-eda174140af5}</destination>
		</relationship>
		<relationship name="modules">
			<destination>{ce1de6a5-f327-441e-b429-c8d319a1de67}</destination>
		</relationship>
		<relationship name="mixerGroup">
			<destination>{2a40dc1b-25e9-47f5-a7c5-1666b2111e65}</destination>
		</relationship>
	</object>
	<object class="GroupTrack" id="{f5ac286c-1879-40b4-85d8-ccab93ffef72}">
		<relationship name="automationTracks">
			<destination>{12511643-55d0-4964-9e1e-5e3bb5115977}</destination>
		</relationship>
		<relationship name="modules">
			<destination>{df8c5c69-52fc-4200-9441-066ed40c5357}</destination>
		</relationship>
		<relationship name="mixerGroup">
			<destination>{8da41bb3-b225-454d-a159-3de1963578b9}</destination>
		</relationship>
	</object>
	<object class="GroupTrack" id="{0ed121ef-45db-449a-8edc-702e7f724625}">
		<relationship name="modules">
			<destination>{163fc50d-09d2-4921-834c-83766f9c24fa}</destination>
		</relationship>
		<relationship name="mixerGroup">
			<destination>{515bdc6b-89bf-49f0-b397-5ab6506b872a}</destination>
		</relationship>
	</object>
	<object class="Timeline" id="{9e9909e3-65a3-4783-bd19-ea0af734ec39}">
		<relationship name="modules">
			<destination>{ce1de6a5-f327-441e-b429-c8d319a1de67}</destination>
			<destination>{df8c5c69-52fc-4200-9441-066ed40c5357}</destination>
			<destination>{163fc50d-09d2-4921-834c-83766f9c24fa}</destination>
		</relationship>
	</object>
	<object class="ParameterProxy" id="{5ffe7fd3-f20f-45bd-a74f-83fe112172ed}">
		<relationship name="preset">
			<destination>{47f4f128-7e65-420e-a28f-0c9016f5dd66}</destination>
		</relationship>
	</object>
	<object class="EventMixerMaster" id="{16a41f0f-bf73-4d2f-a192-e6078b35545e}">
		<relationship name="effectChain">
			<destination>{5498b792-c5cb-4d4f-8111-a6441bc66c06}</destination>
		</relationship>
		<relationship name="panner">
			<destination>{4bd5b977-6810-4f63-b2fc-27a2cfa5219d}</destination>
		</relationship>
		<relationship name="mixer">
			<destination>{a7b8862c-be69-4ee5-a717-f04c105260cd}</destination>
		</relationship>
	</object>
	<object class="MixerBusEffectChain" id="{a31bf779-ed6b-4e5e-babd-87552d2c12d6}">
		<relationship name="effects">
			<destination>{3d48436b-fedd-4174-896b-320b1b933810}</destination>
		</relationship>
	</object>
	<object class="MixerBusPanner" id="{1b6b785e-91cf-4bfb-87f6-60c214d870b0}" />
	<object class="AutomationTrack" id="{ee401815-580d-4010-89ee-eda174140af5}">
		<relationship name="automator">
			<destination>{6ac20b6f-3d10-411a-86d9-5cf2d79261b4}</destination>
		</relationship>
	</object>
	<object class="MultiSound" id="{ce1de6a5-f327-441e-b429-c8d319a1de67}">
		<property name="length">
			<value>5</value>
		</property>
		<relationship name="sounds">
			<destination>{7c0b1df8-60d8-4dd7-8963-b7a9b683d851}</destination>
			<destination>{7a828059-1911-4bf7-891a-60b9ac71cf3e}</destination>
			<destination>{1e918dff-e331-492e-9262-e810c6646af5}</destination>
			<destination>{bc09f6b7-fe91-44b8-9ad6-62b30a7c8991}</destination>
			<destination>{f30fee3b-e9c4-451f-8f3d-69d8d52ce594}</destination>
			<destination>{6a0a4b32-8217-449e-b2ba-3aecb98db481}</destination>
			<destination>{13e50eef-98e5-4b8b-b02f-667c665e4c2e}</destination>
			<destination>{353d8912-2486-440e-bf67-8e885270af9d}</destination>
			<destination>{6c21a618-c22b-4a9a-aba5-32f7cc80de9b}</destination>
			<destination>{70a17797-42a1-4765-861b-eba79c619475}</destination>
			<destination>{241283cd-6775-4d98-bdf9-31905642ec7c}</destination>
			<destination>{76d5f81b-8655-4d81-9f02-bb40a6ba6bbf}</destination>
			<destination>{ac31de0b-8132-415d-93ff-b465725021ba}</destination>
			<destination>{74b0fa81-f03c-4709-9db3-ad4706b0012f}</destination>
			<destination>{9143de0c-5c53-4e68-b638-5b0e3b30cf30}</destination>
		</relationship>
	</object>
	<object class="EventMixerGroup" id="{2a40dc1b-25e9-47f5-a7c5-1666b2111e65}">
		<property name="name">
			<value>Level1</value>
		</property>
		<relationship name="automators">
			<destination>{6ac20b6f-3d10-411a-86d9-5cf2d79261b4}</destination>
		</relationship>
		<relationship name="effectChain">
			<destination>{c52cd7c6-1d9b-4e3f-996c-a8031e4a9691}</destination>
		</relationship>
		<relationship name="panner">
			<destination>{bf7479b6-a058-40af-858a-7e9627f64b8e}</destination>
		</relationship>
		<relationship name="output">
			<destination>{16a41f0f-bf73-4d2f-a192-e6078b35545e}</destination>
		</relationship>
	</object>
	<object class="AutomationTrack" id="{12511643-55d0-4964-9e1e-5e3bb5115977}">
		<relationship name="automator">
			<destination>{db8558f5-80b1-433c-8d1b-83e2c5bf8204}</destination>
		</relationship>
	</object>
	<object class="MultiSound" id="{df8c5c69-52fc-4200-9441-066ed40c5357}">
		<property name="isAsync">
			<value>true</value>
		</property>
		<property name="length">
			<value>5</value>
		</property>
		<relationship name="sounds">
			<destination>{28b58546-b2fd-41cd-a0d6-a13225ace4a6}</destination>
			<destination>{6da96cb9-6962-429c-a2c5-4ededc73284b}</destination>
			<destination>{5cbd6c70-7eec-4294-95c0-f25420133bae}</destination>
			<destination>{c7c9c06b-b8dd-4c7a-aafd-ce2dd2f26571}</destination>
			<destination>{6afad811-b4bc-4081-881a-94cdbff41823}</destination>
			<destination>{ea48d200-6be7-4c55-9890-1e22a053c833}</destination>
			<destination>{8276c62c-4220-42ea-ae6f-796de423d76f}</destination>
			<destination>{49f2cac0-a8c3-40a7-b2bf-cf076f62dad4}</destination>
			<destination>{fd04fc1d-41fa-484b-8073-2c95b0c43390}</destination>
			<destination>{d85ba27b-f9ac-4ce5-bd67-9fe09640edc1}</destination>
			<destination>{0834032d-d0fd-4423-99de-b49d1b85f8c4}</destination>
			<destination>{aea22758-dd00-4077-92c1-2d73146ebc15}</destination>
			<destination>{5c5f236e-a025-4cf9-8dee-b65f61b131b6}</destination>
			<destination>{a598402b-916a-4b97-aafb-78d5f5d6ca2e}</destination>
			<destination>{62bb6fe2-a95d-43f1-b50e-6e806faf3f64}</destination>
		</relationship>
	</object>
	<object class="EventMixerGroup" id="{8da41bb3-b225-454d-a159-3de1963578b9}">
		<property name="name">
			<value>Level2</value>
		</property>
		<relationship name="automators">
			<destination>{db8558f5-80b1-433c-8d1b-83e2c5bf8204}</destination>
		</relationship>
		<relationship name="effectChain">
			<destination>{f7e16a39-802c-4c01-b60b-89a90f4dfed1}</destination>
		</relationship>
		<relationship name="panner">
			<destination>{4cf8e93b-0423-4bd4-92fd-e2a57daa2a85}</destination>
		</relationship>
		<relationship name="output">
			<destination>{16a41f0f-bf73-4d2f-a192-e6078b35545e}</destination>
		</relationship>
	</object>
	<object class="SingleSound" id="{163fc50d-09d2-4921-834c-83766f9c24fa}">
		<property name="length">
			<value>5.1009523809523811</value>
		</property>
		<relationship name="fadeInCurve">
			<destination>{a3ebf48b-47e8-4fb2-a4ca-a1475b4f1531}</destination>
		</relationship>
		<relationship name="fadeOutCurve">
			<destination>{e5c801c4-56f3-4b07-b59e-4df14ad7a3de}</destination>
		</relationship>
		<relationship name="audioFile">
			<destination>{e1bf4617-728d-4019-a56b-284b99b65888}</destination>
		</relationship>
	</object>
	<object class="EventMixerGroup" id="{515bdc6b-89bf-49f0-b397-5ab6506b872a}">
		<property name="name">
			<value>Static</value>
		</property>
		<relationship name="effectChain">
			<destination>{56cac5db-4d9a-4c81-92a3-8b4d344bec0c}</destination>
		</relationship>
		<relationship name="panner">
			<destination>{06bc5d88-706d-4773-8b49-f3765a51a198}</destination>
		</relationship>
		<relationship name="output">
			<destination>{16a41f0f-bf73-4d2f-a192-e6078b35545e}</destination>
		</relationship>
	</object>
	<object class="MixerBusEffectChain" id="{5498b792-c5cb-4d4f-8111-a6441bc66c06}">
		<relationship name="effects">
			<destination>{e0e68170-8d5a-42a7-9dad-fff0043c4c1d}</destination>
		</relationship>
	</object>
	<object class="MixerBusPanner" id="{4bd5b977-6810-4f63-b2fc-27a2cfa5219d}" />
	<object class="MixerBusFader" id="{3d48436b-fedd-4174-896b-320b1b933810}" />
	<object class="SingleSound" id="{7c0b1df8-60d8-4dd7-8963-b7a9b683d851}">
		<relationship name="audioFile">
			<destination>{41581135-c172-4b2f-ad69-6d9ddf3300a3}</destination>
		</relationship>
	</object>
	<object class="SingleSound" id="{7a828059-1911-4bf7-891a-60b9ac71cf3e}">
		<relationship name="audioFile">
			<destination>{0f15db1c-da7d-40ee-8dd4-e0d8a729d259}</destination>
		</relationship>
	</object>
	<object class="SingleSound" id="{1e918dff-e331-492e-9262-e810c6646af5}">
		<relationship name="audioFile">
			<destination>{1829780c-0d3c-4d81-8b45-fab07d1edc1a}</destination>
		</relationship>
	</object>
	<object class="SingleSound" id="{bc09f6b7-fe91-44b8-9ad6-62b30a7c8991}">
		<relationship name="audioFile">
			<destination>{709a249c-85ba-4a2a-8b46-dde10ca16721}</destination>
		</relationship>
	</object>
	<object class="SingleSound" id="{f30fee3b-e9c4-451f-8f3d-69d8d52ce594}">
		<relationship name="audioFile">
			<destination>{09a2af3d-5abf-4fda-81b0-0e6c372fa4aa}</destination>
		</relationship>
	</object>
	<object class="SingleSound" id="{6a0a4b32-8217-449e-b2ba-3aecb98db481}">
		<relationship name="audioFile">
			<destination>{c4f80be8-25b5-4a8e-8fba-ea21bacbb152}</destination>
		</relationship>
	</object>
	<object class="SingleSound" id="{13e50eef-98e5-4b8b-b02f-667c665e4c2e}">
		<relationship name="audioFile">
			<destination>{eb81e827-a7f8-4fc1-b173-7e340ac332bf}</destination>
		</relationship>
	</object>
	<object class="SingleSound" id="{353d8912-2486-440e-bf67-8e885270af9d}">
		<relationship name="audioFile">
			<destination>{e71e8b95-0970-4a01-a517-41a581314201}</destination>
		</relationship>
	</object>
	<object class="SingleSound" id="{6c21a618-c22b-4a9a-aba5-32f7cc80de9b}">
		<relationship name="audioFile">
			<destination>{ed12dd5a-78ef-4f11-ab1c-a450706958e7}</destination>
		</relationship>
	</object>
	<object class="SingleSound" id="{70a17797-42a1-4765-861b-eba79c619475}">
		<relationship name="audioFile">
			<destination>{9e36cfb7-23d8-4c6c-80b1-714b23cf2bb5}</destination>
		</relationship>
	</object>
	<object class="SingleSound" id="{241283cd-6775-4d98-bdf9-31905642ec7c}">
		<relationship name="audioFile">
			<destination>{22723fa0-278a-4503-8222-a03131ccb384}</destination>
		</relationship>
	</object>
	<object class="SingleSound" id="{76d5f81b-8655-4d81-9f02-bb40a6ba6bbf}">
		<relationship name="audioFile">
			<destination>{5c67c6fa-1523-4a6d-997e-7de3eecca1b7}</destination>
		</relationship>
	</object>
	<object class="SingleSound" id="{ac31de0b-8132-415d-93ff-b465725021ba}">
		<relationship name="audioFile">
			<destination>{42f6c335-767a-4dbf-be4d-87134e9b568b}</destination>
		</relationship>
	</object>
	<object class="SingleSound" id="{74b0fa81-f03c-4709-9db3-ad4706b0012f}">
		<relationship name="audioFile">
			<destination>{eb06f7a1-94b8-4689-87b8-d8ab905d0005}</destination>
		</relationship>
	</object>
	<object class="SingleSound" id="{9143de0c-5c53-4e68-b638-5b0e3b30cf30}">
		<relationship name="audioFile">
			<destination>{4b991630-6a0f-43ad-b903-fce83c8cab40}</destination>
		</relationship>
	</object>
	<object class="Automator" id="{6ac20b6f-3d10-411a-86d9-5cf2d79261b4}">
		<property name="nameOfPropertyBeingAutomated">
			<value>volume</value>
		</property>
		<relationship name="automationCurves">
			<destination>{d7b05b7a-a885-46d5-8e51-d7158a3203b6}</destination>
		</relationship>
	</object>
	<object class="MixerBusEffectChain" id="{c52cd7c6-1d9b-4e3f-996c-a8031e4a9691}">
		<relationship name="effects">
			<destination>{6673b92b-f462-4a7c-8547-56dcb7e85868}</destination>
			<destination>{a5e9226e-e41c-42a2-91dd-d000ac8d16b6}</destination>
		</relationship>
	</object>
	<object class="MixerBusPanner" id="{bf7479b6-a058-40af-858a-7e9627f64b8e}" />
	<object class="SingleSound" id="{28b58546-b2fd-41cd-a0d6-a13225ace4a6}">
		<relationship name="audioFile">
			<destination>{41581135-c172-4b2f-ad69-6d9ddf3300a3}</destination>
		</relationship>
	</object>
	<object class="SingleSound" id="{6da96cb9-6962-429c-a2c5-4ededc73284b}">
		<relationship name="audioFile">
			<destination>{c2815524-15a9-45ae-af57-a6634edab75d}</destination>
		</relationship>
	</object>
	<object class="SingleSound" id="{5cbd6c70-7eec-4294-95c0-f25420133bae}">
		<relationship name="audioFile">
			<destination>{469f3255-5eb2-460b-b0a8-8abcafbab5e7}</destination>
		</relationship>
	</object>
	<object class="SingleSound" id="{c7c9c06b-b8dd-4c7a-aafd-ce2dd2f26571}">
		<relationship name="audioFile">
			<destination>{a640fc31-5338-4e36-a0ce-667be7c0046a}</destination>
		</relationship>
	</object>
	<object class="SingleSound" id="{6afad811-b4bc-4081-881a-94cdbff41823}">
		<relationship name="audioFile">
			<destination>{09a2af3d-5abf-4fda-81b0-0e6c372fa4aa}</destination>
		</relationship>
	</object>
	<object class="SingleSound" id="{ea48d200-6be7-4c55-9890-1e22a053c833}">
		<relationship name="audioFile">
			<destination>{c4f80be8-25b5-4a8e-8fba-ea21bacbb152}</destination>
		</relationship>
	</object>
	<object class="SingleSound" id="{8276c62c-4220-42ea-ae6f-796de423d76f}">
		<relationship name="audioFile">
			<destination>{eb81e827-a7f8-4fc1-b173-7e340ac332bf}</destination>
		</relationship>
	</object>
	<object class="SingleSound" id="{49f2cac0-a8c3-40a7-b2bf-cf076f62dad4}">
		<relationship name="audioFile">
			<destination>{e71e8b95-0970-4a01-a517-41a581314201}</destination>
		</relationship>
	</object>
	<object class="SingleSound" id="{fd04fc1d-41fa-484b-8073-2c95b0c43390}">
		<relationship name="audioFile">
			<destination>{ed12dd5a-78ef-4f11-ab1c-a450706958e7}</destination>
		</relationship>
	</object>
	<object class="SingleSound" id="{d85ba27b-f9ac-4ce5-bd67-9fe09640edc1}">
		<relationship name="audioFile">
			<destination>{9e36cfb7-23d8-4c6c-80b1-714b23cf2bb5}</destination>
		</relationship>
	</object>
	<object class="SingleSound" id="{0834032d-d0fd-4423-99de-b49d1b85f8c4}">
		<relationship name="audioFile">
			<destination>{22723fa0-278a-4503-8222-a03131ccb384}</destination>
		</relationship>
	</object>
	<object class="SingleSound" id="{aea22758-dd00-4077-92c1-2d73146ebc15}">
		<relationship name="audioFile">
			<destination>{5c67c6fa-1523-4a6d-997e-7de3eecca1b7}</destination>
		</relationship>
	</object>
	<object class="SingleSound" id="{5c5f236e-a025-4cf9-8dee-b65f61b131b6}">
		<relationship name="audioFile">
			<destination>{42f6c335-767a-4dbf-be4d-87134e9b568b}</destination>
		</relationship>
	</object>
	<object class="SingleSound" id="{a598402b-916a-4b97-aafb-78d5f5d6ca2e}">
		<relationship name="audioFile">
			<destination>{eb06f7a1-94b8-4689-87b8-d8ab905d0005}</destination>
		</relationship>
	</object>
	<object class="SingleSound" id="{62bb6fe2-a95d-43f1-b50e-6e806faf3f64}">
		<relationship name="audioFile">
			<destination>{4b991630-6a0f-43ad-b903-fce83c8cab40}</destination>
		</relationship>
	</object>
	<object class="Automator" id="{db8558f5-80b1-433c-8d1b-83e2c5bf8204}">
		<property name="nameOfPropertyBeingAutomated">
			<value>volume</value>
		</property>
		<relationship name="automationCurves">
			<destination>{2d841736-7a1d-4577-afc7-38af3e79cd98}</destination>
		</relationship>
	</object>
	<object class="MixerBusEffectChain" id="{f7e16a39-802c-4c01-b60b-89a90f4dfed1}">
		<relationship name="effects">
			<destination>{19dd69b9-1929-4ec6-8ba9-345b9be6e2df}</destination>
			<destination>{bdea5a81-2f55-494b-b2e4-c23272571194}</destination>
		</relationship>
	</object>
	<object class="MixerBusPanner" id="{4cf8e93b-0423-4bd4-92fd-e2a57daa2a85}" />
	<object class="FadeCurve" id="{a3ebf48b-47e8-4fb2-a4ca-a1475b4f1531}">
		<relationship name="startPoint">
			<destination>{eb5d7b1c-9c73-47a1-8648-78af67d5dd33}</destination>
		</relationship>
		<relationship name="endPoint">
			<destination>{5305d049-567e-4f40-a570-e27f3855e6f6}</destination>
		</relationship>
	</object>
	<object class="FadeCurve" id="{e5c801c4-56f3-4b07-b59e-4df14ad7a3de}">
		<relationship name="startPoint">
			<destination>{d17019a0-f47e-4570-b888-361d80860a63}</destination>
		</relationship>
		<relationship name="endPoint">
			<destination>{26676ffc-2cde-46a6-b628-52f2676a0665}</destination>
		</relationship>
	</object>
	<object class="MixerBusEffectChain" id="{56cac5db-4d9a-4c81-92a3-8b4d344bec0c}">
		<relationship name="effects">
			<destination>{c1eb113a-97eb-48de-867b-17b568f0e0ee}</destination>
		</relationship>
	</object>
	<object class="MixerBusPanner" id="{06bc5d88-706d-4773-8b49-f3765a51a198}" />
	<object class="MixerBusFader" id="{e0e68170-8d5a-42a7-9dad-fff0043c4c1d}" />
	<object class="AutomationCurve" id="{d7b05b7a-a885-46d5-8e51-d7158a3203b6}">
		<relationship name="parameter">
			<destination>{47f4f128-7e65-420e-a28f-0c9016f5dd66}</destination>
		</relationship>
		<relationship name="automationPoints">
			<destination>{4f7994a9-8e54-47a5-a7bd-0fe3b71be58a}</destination>
			<destination>{be75e96e-4a3f-4bba-82fe-8d04b0a83e52}</destination>
		</relationship>
	</object>
	<object class="MixerBusFader" id="{6673b92b-f462-4a7c-8547-56dcb7e85868}" />
	<object class="SFXReverbEffect" id="{a5e9226e-e41c-42a2-91dd-d000ac8d16b6}">
		<property name="decayTime">
			<value>9000</value>
		</property>
		<property name="HFDecayRatio">
			<value>10</value>
		</property>
		<property name="diffusion">
			<value>0</value>
		</property>
		<property name="lowShelfFrequency">
			<value>48</value>
		</property>
		<property name="lowShelfGain">
			<value>12</value>
		</property>
		<property name="highCut">
			<value>20000</value>
		</property>
	</object>
	<object class="AutomationCurve" id="{2d841736-7a1d-4577-afc7-38af3e79cd98}">
		<relationship name="parameter">
			<destination>{47f4f128-7e65-420e-a28f-0c9016f5dd66}</destination>
		</relationship>
		<relationship name="automationPoints">
			<destination>{ccb6a5f1-541d-499b-ae5f-4abfec84cbb5}</destination>
			<destination>{dfdabf3c-8ae9-4352-b0d9-1a588716e474}</destination>
		</relationship>
	</object>
	<object class="MixerBusFader" id="{19dd69b9-1929-4ec6-8ba9-345b9be6e2df}" />
	<object class="SFXReverbEffect" id="{bdea5a81-2f55-494b-b2e4-c23272571194}">
		<property name="decayTime">
			<value>9000</value>
		</property>
		<property name="HFDecayRatio">
			<value>10</value>
		</property>
		<property name="diffusion">
			<value>0</value>
		</property>
		<property name="lowShelfFrequency">
			<value>40</value>
		</property>
		<property name="lowShelfGain">
			<value>12</value>
		</property>
		<property name="highCut">
			<value>20000</value>
		</property>
	</object>
	<object class="AutomationPoint" id="{eb5d7b1c-9c73-47a1-8648-78af67d5dd33}">
		<property name="position">
			<value>0</value>
		</property>
		<property name="value">
			<value>0</value>
		</property>
		<property name="curveShape">
			<value>-0.2547189</value>
		</property>
	</object>
	<object class="AutomationPoint" id="{5305d049-567e-4f40-a570-e27f3855e6f6}">
		<property name="position">
			<value>0.40000000000000002</value>
		</property>
		<property name="value">
			<value>1</value>
		</property>
	</object>
	<object class="AutomationPoint" id="{d17019a0-f47e-4570-b888-361d80860a63}">
		<property name="position">
			<value>4.9009523809523809</value>
		</property>
		<property name="value">
			<value>1</value>
		</property>
		<property name="curveShape">
			<value>0.25471893</value>
		</property>
	</object>
	<object class="AutomationPoint" id="{26676ffc-2cde-46a6-b628-52f2676a0665}">
		<property name="position">
			<value>5.1009523809523811</value>
		</property>
		<property name="value">
			<value>0</value>
		</property>
	</object>
	<object class="MixerBusFader" id="{c1eb113a-97eb-48de-867b-17b568f0e0ee}" />
	<object class="AutomationPoint" id="{4f7994a9-8e54-47a5-a7bd-0fe3b71be58a}">
		<property name="position">
			<value>1</value>
		</property>
		<property name="value">
			<value>-80</value>
		</property>
	</object>
	<object class="AutomationPoint" id="{be75e96e-4a3f-4bba-82fe-8d04b0a83e52}">
		<property name="position">
			<value>0</value>
		</property>
		<property name="value">
			<value>0</value>
		</property>
	</object>
	<object class="AutomationPoint" id="{ccb6a5f1-541d-499b-ae5f-4abfec84cbb5}">
		<property name="position">
			<value>0</value>
		</property>
		<property name="value">
			<value>-80</value>
		</property>
	</object>
	<object class="AutomationPoint" id="{dfdabf3c-8ae9-4352-b0d9-1a588716e474}">
		<property name="position">
			<value>1</value>
		</property>
		<property name="value">
			<value>0</value>
		</property>
	</object>
</objects>
