<?xml version="1.0" encoding="UTF-8"?>
<objects serializationModel="Studio.02.02.00">
	<object class="Event" id="{809e8a76-53b6-4ab3-945f-14dd31493aeb}">
		<property name="name">
			<value>Level1</value>
		</property>
		<property name="outputFormat">
			<value>1</value>
		</property>
		<relationship name="folder">
			<destination>{008d118a-ea90-48c0-9bb8-14a32280844b}</destination>
		</relationship>
		<relationship name="mixer">
			<destination>{a7f2e9b0-3747-4373-8924-705b9513b951}</destination>
		</relationship>
		<relationship name="masterTrack">
			<destination>{d7c9ca73-2cc8-4ffb-8e0e-7e0c575d14e9}</destination>
		</relationship>
		<relationship name="mixerInput">
			<destination>{3191990d-d01e-4e2a-b477-0bf3abe11a42}</destination>
		</relationship>
		<relationship name="automatableProperties">
			<destination>{53dcee48-25d9-4e55-b5a6-d523da0c06db}</destination>
		</relationship>
		<relationship name="markerTracks">
			<destination>{08be3036-034e-4a94-86d2-ab6b31c0c4dd}</destination>
		</relationship>
		<relationship name="groupTracks">
			<destination>{2c0574ad-47a3-41d0-a30e-e2ddc4cdacfb}</destination>
			<destination>{bf2bdab4-3a08-4808-81e4-f64312305890}</destination>
			<destination>{cad9a01b-aba2-4764-8f68-47daaea38d11}</destination>
			<destination>{6e42466e-234a-4e19-8e2d-ceeb4f95e243}</destination>
			<destination>{c3cba3d6-a53a-450d-a586-f97fa83dc4ef}</destination>
		</relationship>
		<relationship name="timeline">
			<destination>{aac1bc86-f85d-4dc1-a282-36d9030c1e6f}</destination>
		</relationship>
		<relationship name="parameters">
			<destination>{78242fa6-4f84-4c75-915c-f08b5da3e3a6}</destination>
			<destination>{a83c1ad2-afc4-4106-851f-18b08e82572e}</destination>
		</relationship>
		<relationship name="banks">
			<destination>{15ce56e8-d485-41d7-90f9-1050cf02dcc9}</destination>
		</relationship>
	</object>
	<object class="EventMixer" id="{a7f2e9b0-3747-4373-8924-705b9513b951}">
		<relationship name="masterBus">
			<destination>{6dc22f3c-6066-4551-af0e-6c19da79dcc0}</destination>
		</relationship>
	</object>
	<object class="MasterTrack" id="{d7c9ca73-2cc8-4ffb-8e0e-7e0c575d14e9}">
		<relationship name="mixerGroup">
			<destination>{6dc22f3c-6066-4551-af0e-6c19da79dcc0}</destination>
		</relationship>
	</object>
	<object class="MixerInput" id="{3191990d-d01e-4e2a-b477-0bf3abe11a42}">
		<relationship name="effectChain">
			<destination>{f182b0a0-0e58-45ca-8c75-cc8a2e8ad1ac}</destination>
		</relationship>
		<relationship name="panner">
			<destination>{fc33a0fc-2f1a-4c2f-ab06-e4a5d0121206}</destination>
		</relationship>
		<relationship name="output">
			<destination>{7342206a-7c8d-46d8-88dc-9f2aff6ed94e}</destination>
		</relationship>
	</object>
	<object class="EventAutomatableProperties" id="{53dcee48-25d9-4e55-b5a6-d523da0c06db}" />
	<object class="MarkerTrack" id="{08be3036-034e-4a94-86d2-ab6b31c0c4dd}" />
	<object class="GroupTrack" id="{2c0574ad-47a3-41d0-a30e-e2ddc4cdacfb}">
		<relationship name="automationTracks">
			<destination>{065dfc68-ab60-4419-afe6-00ec09e88bfd}</destination>
		</relationship>
		<relationship name="modules">
			<destination>{59e36455-8cb4-4f29-b246-a2a1dfc44647}</destination>
		</relationship>
		<relationship name="mixerGroup">
			<destination>{48e51ce6-6ee9-44ca-87f3-4f835a036ce4}</destination>
		</relationship>
	</object>
	<object class="GroupTrack" id="{bf2bdab4-3a08-4808-81e4-f64312305890}">
		<relationship name="automationTracks">
			<destination>{f7586f72-d986-4196-9de3-6331364ac8e9}</destination>
		</relationship>
		<relationship name="modules">
			<destination>{b7d5d9ea-4869-414a-9aa9-b131fd5b4297}</destination>
		</relationship>
		<relationship name="mixerGroup">
			<destination>{cd1a93e2-e977-4eac-8192-a24256f9d6f7}</destination>
		</relationship>
	</object>
	<object class="GroupTrack" id="{cad9a01b-aba2-4764-8f68-47daaea38d11}">
		<relationship name="automationTracks">
			<destination>{daa1a028-ce45-483d-9b8d-0e20ec5ccfaa}</destination>
		</relationship>
		<relationship name="modules">
			<destination>{6df18cd1-ab14-495c-8de1-a767c6bc4ae5}</destination>
		</relationship>
		<relationship name="mixerGroup">
			<destination>{19d09314-6ca0-4dc2-b416-1f8f05c53720}</destination>
		</relationship>
	</object>
	<object class="GroupTrack" id="{6e42466e-234a-4e19-8e2d-ceeb4f95e243}">
		<relationship name="automationTracks">
			<destination>{789c020c-7bea-49a5-985a-953aac05dcdd}</destination>
		</relationship>
		<relationship name="modules">
			<destination>{f7a353d7-bab5-4426-8a8b-3565d1231964}</destination>
		</relationship>
		<relationship name="mixerGroup">
			<destination>{9849a5e9-1bd8-4778-b5d0-db566e48e14b}</destination>
		</relationship>
	</object>
	<object class="GroupTrack" id="{c3cba3d6-a53a-450d-a586-f97fa83dc4ef}">
		<relationship name="automationTracks">
			<destination>{2d0f8afa-d409-4d7f-950f-656579b8a380}</destination>
		</relationship>
		<relationship name="modules">
			<destination>{93b0b2d0-102e-4bf1-bacb-eed07d8d0d8e}</destination>
		</relationship>
		<relationship name="mixerGroup">
			<destination>{414676e2-9113-4f14-b540-c8d94c8816a3}</destination>
		</relationship>
	</object>
	<object class="Timeline" id="{aac1bc86-f85d-4dc1-a282-36d9030c1e6f}">
		<relationship name="modules">
			<destination>{59e36455-8cb4-4f29-b246-a2a1dfc44647}</destination>
			<destination>{b7d5d9ea-4869-414a-9aa9-b131fd5b4297}</destination>
			<destination>{6df18cd1-ab14-495c-8de1-a767c6bc4ae5}</destination>
			<destination>{f7a353d7-bab5-4426-8a8b-3565d1231964}</destination>
			<destination>{93b0b2d0-102e-4bf1-bacb-eed07d8d0d8e}</destination>
		</relationship>
		<relationship name="markers">
			<destination>{5e9f505c-160b-49b3-98bf-8aeccfe54cc0}</destination>
		</relationship>
	</object>
	<object class="ParameterProxy" id="{78242fa6-4f84-4c75-915c-f08b5da3e3a6}">
		<relationship name="preset">
			<destination>{da7e72d6-19f4-45ea-8d3d-bf197def4826}</destination>
		</relationship>
	</object>
	<object class="ParameterProxy" id="{a83c1ad2-afc4-4106-851f-18b08e82572e}">
		<relationship name="preset">
			<destination>{8aa0593c-3b69-497c-9b00-9ba9713b7071}</destination>
		</relationship>
	</object>
	<object class="EventMixerMaster" id="{6dc22f3c-6066-4551-af0e-6c19da79dcc0}">
		<relationship name="effectChain">
			<destination>{1533b612-92ad-49f7-ae33-01d5d52a4702}</destination>
		</relationship>
		<relationship name="panner">
			<destination>{11732288-49e4-49a8-8984-6dcdd394e8fd}</destination>
		</relationship>
		<relationship name="mixer">
			<destination>{a7f2e9b0-3747-4373-8924-705b9513b951}</destination>
		</relationship>
	</object>
	<object class="MixerBusEffectChain" id="{f182b0a0-0e58-45ca-8c75-cc8a2e8ad1ac}">
		<relationship name="effects">
			<destination>{57b6970a-c1b1-43fe-ae28-2ab3169b8066}</destination>
		</relationship>
	</object>
	<object class="MixerBusPanner" id="{fc33a0fc-2f1a-4c2f-ab06-e4a5d0121206}" />
	<object class="AutomationTrack" id="{065dfc68-ab60-4419-afe6-00ec09e88bfd}">
		<relationship name="automator">
			<destination>{8840f019-38d7-4d4e-b9ab-d5bb9d0afd39}</destination>
		</relationship>
	</object>
	<object class="SingleSound" id="{59e36455-8cb4-4f29-b246-a2a1dfc44647}">
		<property name="length">
			<value>51.428571428571431</value>
		</property>
		<relationship name="audioFile">
			<destination>{9ac2ba57-902b-4f61-bdc3-e191c66bd34f}</destination>
		</relationship>
	</object>
	<object class="EventMixerGroup" id="{48e51ce6-6ee9-44ca-87f3-4f835a036ce4}">
		<property name="name">
			<value>0%</value>
		</property>
		<relationship name="automators">
			<destination>{8840f019-38d7-4d4e-b9ab-d5bb9d0afd39}</destination>
		</relationship>
		<relationship name="effectChain">
			<destination>{9c3fb9de-02de-4cf8-9087-d48f69c3ce30}</destination>
		</relationship>
		<relationship name="panner">
			<destination>{5edf568e-a38c-4d9e-8824-e7e1167eb494}</destination>
		</relationship>
		<relationship name="output">
			<destination>{6dc22f3c-6066-4551-af0e-6c19da79dcc0}</destination>
		</relationship>
	</object>
	<object class="AutomationTrack" id="{f7586f72-d986-4196-9de3-6331364ac8e9}">
		<relationship name="automator">
			<destination>{eafb293b-4d96-4dc5-be0e-e3e46950d010}</destination>
		</relationship>
	</object>
	<object class="SingleSound" id="{b7d5d9ea-4869-414a-9aa9-b131fd5b4297}">
		<property name="length">
			<value>51.428571428571431</value>
		</property>
		<relationship name="audioFile">
			<destination>{9ac2ba57-902b-4f61-bdc3-e191c66bd34f}</destination>
		</relationship>
	</object>
	<object class="EventMixerGroup" id="{cd1a93e2-e977-4eac-8192-a24256f9d6f7}">
		<property name="name">
			<value>25%</value>
		</property>
		<relationship name="automators">
			<destination>{eafb293b-4d96-4dc5-be0e-e3e46950d010}</destination>
		</relationship>
		<relationship name="effectChain">
			<destination>{ef2dbbf4-eedf-473a-8ffd-d7ac5528ece4}</destination>
		</relationship>
		<relationship name="panner">
			<destination>{b84bcbfc-fb5a-4b57-8921-418a934e4bd1}</destination>
		</relationship>
		<relationship name="output">
			<destination>{6dc22f3c-6066-4551-af0e-6c19da79dcc0}</destination>
		</relationship>
	</object>
	<object class="AutomationTrack" id="{daa1a028-ce45-483d-9b8d-0e20ec5ccfaa}">
		<relationship name="automator">
			<destination>{ba5c3711-1ea7-4f36-aff5-e839fea27124}</destination>
		</relationship>
	</object>
	<object class="SingleSound" id="{6df18cd1-ab14-495c-8de1-a767c6bc4ae5}">
		<property name="length">
			<value>51.428571428571431</value>
		</property>
		<relationship name="audioFile">
			<destination>{9ac2ba57-902b-4f61-bdc3-e191c66bd34f}</destination>
		</relationship>
	</object>
	<object class="EventMixerGroup" id="{19d09314-6ca0-4dc2-b416-1f8f05c53720}">
		<property name="name">
			<value>50%</value>
		</property>
		<relationship name="automators">
			<destination>{ba5c3711-1ea7-4f36-aff5-e839fea27124}</destination>
		</relationship>
		<relationship name="effectChain">
			<destination>{4c2fcbe7-1483-4525-a43f-ed6d73cba5f0}</destination>
		</relationship>
		<relationship name="panner">
			<destination>{f0fa194e-a6ea-4c47-8924-edbd4d52d605}</destination>
		</relationship>
		<relationship name="output">
			<destination>{6dc22f3c-6066-4551-af0e-6c19da79dcc0}</destination>
		</relationship>
	</object>
	<object class="AutomationTrack" id="{789c020c-7bea-49a5-985a-953aac05dcdd}">
		<relationship name="automator">
			<destination>{995452c6-0bb0-4d0b-b0c2-748ba664b6ca}</destination>
		</relationship>
	</object>
	<object class="SingleSound" id="{f7a353d7-bab5-4426-8a8b-3565d1231964}">
		<property name="length">
			<value>51.428571428571431</value>
		</property>
		<relationship name="audioFile">
			<destination>{9ac2ba57-902b-4f61-bdc3-e191c66bd34f}</destination>
		</relationship>
	</object>
	<object class="EventMixerGroup" id="{9849a5e9-1bd8-4778-b5d0-db566e48e14b}">
		<property name="name">
			<value>75%</value>
		</property>
		<relationship name="automators">
			<destination>{995452c6-0bb0-4d0b-b0c2-748ba664b6ca}</destination>
		</relationship>
		<relationship name="effectChain">
			<destination>{beecd48b-b7cb-40c7-b77f-3479891af753}</destination>
		</relationship>
		<relationship name="panner">
			<destination>{f5a99554-25a7-4a3e-8b6d-4ec4ff413250}</destination>
		</relationship>
		<relationship name="output">
			<destination>{6dc22f3c-6066-4551-af0e-6c19da79dcc0}</destination>
		</relationship>
	</object>
	<object class="AutomationTrack" id="{2d0f8afa-d409-4d7f-950f-656579b8a380}">
		<relationship name="automator">
			<destination>{0d86f411-b64c-4394-ad2b-305733ee39cf}</destination>
		</relationship>
	</object>
	<object class="SingleSound" id="{93b0b2d0-102e-4bf1-bacb-eed07d8d0d8e}">
		<property name="length">
			<value>51.428571428571431</value>
		</property>
		<relationship name="audioFile">
			<destination>{9ac2ba57-902b-4f61-bdc3-e191c66bd34f}</destination>
		</relationship>
	</object>
	<object class="EventMixerGroup" id="{414676e2-9113-4f14-b540-c8d94c8816a3}">
		<property name="name">
			<value>Loss</value>
		</property>
		<relationship name="automators">
			<destination>{0d86f411-b64c-4394-ad2b-305733ee39cf}</destination>
		</relationship>
		<relationship name="effectChain">
			<destination>{74bcb0a0-2581-4b93-8b57-9e7acd02aeb2}</destination>
		</relationship>
		<relationship name="panner">
			<destination>{d6997d43-8dd4-45d5-ae42-a0c848c24ac4}</destination>
		</relationship>
		<relationship name="output">
			<destination>{6dc22f3c-6066-4551-af0e-6c19da79dcc0}</destination>
		</relationship>
	</object>
	<object class="LoopRegion" id="{5e9f505c-160b-49b3-98bf-8aeccfe54cc0}">
		<property name="position">
			<value>0</value>
		</property>
		<property name="length">
			<value>51.428571428571431</value>
		</property>
		<relationship name="timeline">
			<destination>{aac1bc86-f85d-4dc1-a282-36d9030c1e6f}</destination>
		</relationship>
		<relationship name="markerTrack">
			<destination>{08be3036-034e-4a94-86d2-ab6b31c0c4dd}</destination>
		</relationship>
	</object>
	<object class="MixerBusEffectChain" id="{1533b612-92ad-49f7-ae33-01d5d52a4702}">
		<relationship name="effects">
			<destination>{ef6ab002-902a-4d64-aed7-4726a520505a}</destination>
			<destination>{f31797e8-0bba-4570-851f-c9f49abc1488}</destination>
		</relationship>
	</object>
	<object class="MixerBusPanner" id="{11732288-49e4-49a8-8984-6dcdd394e8fd}" />
	<object class="MixerBusFader" id="{57b6970a-c1b1-43fe-ae28-2ab3169b8066}" />
	<object class="Automator" id="{8840f019-38d7-4d4e-b9ab-d5bb9d0afd39}">
		<property name="nameOfPropertyBeingAutomated">
			<value>volume</value>
		</property>
		<relationship name="automationCurves">
			<destination>{5d67c47c-4148-407a-85a0-85acd55fff92}</destination>
			<destination>{045be141-1593-4a0e-a09f-67018563b3ec}</destination>
		</relationship>
	</object>
	<object class="MixerBusEffectChain" id="{9c3fb9de-02de-4cf8-9087-d48f69c3ce30}">
		<relationship name="effects">
			<destination>{57261372-7a36-416c-96b9-7b287afb7c82}</destination>
		</relationship>
	</object>
	<object class="MixerBusPanner" id="{5edf568e-a38c-4d9e-8824-e7e1167eb494}" />
	<object class="Automator" id="{eafb293b-4d96-4dc5-be0e-e3e46950d010}">
		<property name="nameOfPropertyBeingAutomated">
			<value>volume</value>
		</property>
		<relationship name="automationCurves">
			<destination>{19b0b686-6b24-4726-abd0-8532cd2bd5a7}</destination>
			<destination>{9f1ea249-1ab6-4f83-86f0-ba054be8a556}</destination>
		</relationship>
	</object>
	<object class="MixerBusEffectChain" id="{ef2dbbf4-eedf-473a-8ffd-d7ac5528ece4}">
		<relationship name="effects">
			<destination>{9b3444fc-25e2-4597-ad4f-8564c5177045}</destination>
			<destination>{474a41dd-8924-4b83-b35f-b1f2d0275f52}</destination>
		</relationship>
	</object>
	<object class="MixerBusPanner" id="{b84bcbfc-fb5a-4b57-8921-418a934e4bd1}" />
	<object class="Automator" id="{ba5c3711-1ea7-4f36-aff5-e839fea27124}">
		<property name="nameOfPropertyBeingAutomated">
			<value>volume</value>
		</property>
		<relationship name="automationCurves">
			<destination>{341178b3-378d-4286-b32b-da546608d2b9}</destination>
			<destination>{cf5d486f-9f47-44e3-b44a-0652172b0cfd}</destination>
		</relationship>
	</object>
	<object class="MixerBusEffectChain" id="{4c2fcbe7-1483-4525-a43f-ed6d73cba5f0}">
		<relationship name="effects">
			<destination>{339e9d07-c7c7-4cd4-a190-8f31bb950e76}</destination>
			<destination>{68ce4acf-63df-496e-b911-8c025729af09}</destination>
		</relationship>
	</object>
	<object class="MixerBusPanner" id="{f0fa194e-a6ea-4c47-8924-edbd4d52d605}" />
	<object class="Automator" id="{995452c6-0bb0-4d0b-b0c2-748ba664b6ca}">
		<property name="nameOfPropertyBeingAutomated">
			<value>volume</value>
		</property>
		<relationship name="automationCurves">
			<destination>{8009b24d-3c10-44dc-8f9f-0d31cd886660}</destination>
			<destination>{5f74dac5-f4bf-4df2-b732-6d7455799492}</destination>
		</relationship>
	</object>
	<object class="MixerBusEffectChain" id="{beecd48b-b7cb-40c7-b77f-3479891af753}">
		<relationship name="effects">
			<destination>{f7a3befe-8395-49a7-9ee4-ea1841a06e9d}</destination>
			<destination>{4fa6ffb3-117b-419e-9900-35937f4713f5}</destination>
		</relationship>
	</object>
	<object class="MixerBusPanner" id="{f5a99554-25a7-4a3e-8b6d-4ec4ff413250}" />
	<object class="Automator" id="{0d86f411-b64c-4394-ad2b-305733ee39cf}">
		<property name="nameOfPropertyBeingAutomated">
			<value>volume</value>
		</property>
		<relationship name="automationCurves">
			<destination>{08afd048-9728-43ff-a48b-dc77c24dcf20}</destination>
			<destination>{12b4525a-77a2-46f9-ace5-1ec4aeb6c541}</destination>
		</relationship>
	</object>
	<object class="MixerBusEffectChain" id="{74bcb0a0-2581-4b93-8b57-9e7acd02aeb2}">
		<relationship name="effects">
			<destination>{ce5d7fe3-1a0e-47f9-a5be-9187b5de6def}</destination>
			<destination>{081683d5-11b5-478e-9238-12dc89626d57}</destination>
		</relationship>
	</object>
	<object class="MixerBusPanner" id="{d6997d43-8dd4-45d5-ae42-a0c848c24ac4}" />
	<object class="MixerBusFader" id="{ef6ab002-902a-4d64-aed7-4726a520505a}" />
	<object class="SFXReverbEffect" id="{f31797e8-0bba-4570-851f-c9f49abc1488}">
		<property name="decayTime">
			<value>220</value>
		</property>
	</object>
	<object class="AutomationCurve" id="{5d67c47c-4148-407a-85a0-85acd55fff92}">
		<relationship name="parameter">
			<destination>{da7e72d6-19f4-45ea-8d3d-bf197def4826}</destination>
		</relationship>
		<relationship name="automationPoints">
			<destination>{e3b164c7-d1ed-451a-b5b2-643cfabc8cb6}</destination>
			<destination>{1acda95a-99f3-47e5-b65c-80b3509bca3e}</destination>
		</relationship>
	</object>
	<object class="AutomationCurve" id="{045be141-1593-4a0e-a09f-67018563b3ec}">
		<relationship name="parameter">
			<destination>{8aa0593c-3b69-497c-9b00-9ba9713b7071}</destination>
		</relationship>
		<relationship name="automationPoints">
			<destination>{d8171f95-5e19-445a-9c36-a25eeccc624d}</destination>
			<destination>{0f93d6f6-66ee-4087-83fd-351424a2e609}</destination>
		</relationship>
	</object>
	<object class="MixerBusFader" id="{57261372-7a36-416c-96b9-7b287afb7c82}" />
	<object class="AutomationCurve" id="{19b0b686-6b24-4726-abd0-8532cd2bd5a7}">
		<relationship name="parameter">
			<destination>{da7e72d6-19f4-45ea-8d3d-bf197def4826}</destination>
		</relationship>
		<relationship name="automationPoints">
			<destination>{52a47148-7f16-49d8-8ed4-79923cbbb329}</destination>
			<destination>{483e8a6d-952e-4162-9532-9c0e90eeb7f2}</destination>
			<destination>{00fbfd1a-6d8d-4d6e-af06-4c2ebe8477a7}</destination>
			<destination>{a6e4e5b3-a581-4467-b3ee-2c15d5f6ce46}</destination>
			<destination>{74cf857b-5b1d-4b0d-8302-c602f81cb787}</destination>
		</relationship>
	</object>
	<object class="AutomationCurve" id="{9f1ea249-1ab6-4f83-86f0-ba054be8a556}">
		<relationship name="parameter">
			<destination>{8aa0593c-3b69-497c-9b00-9ba9713b7071}</destination>
		</relationship>
		<relationship name="automationPoints">
			<destination>{f791d6b5-7a57-4e82-b755-ce103e876a8a}</destination>
			<destination>{caed6205-d548-491c-9723-db91801ce404}</destination>
		</relationship>
	</object>
	<object class="MixerBusFader" id="{9b3444fc-25e2-4597-ad4f-8564c5177045}" />
	<object class="PitchShifterEffect" id="{474a41dd-8924-4b83-b35f-b1f2d0275f52}">
		<property name="pitch">
			<value>1.04999995</value>
		</property>
	</object>
	<object class="AutomationCurve" id="{341178b3-378d-4286-b32b-da546608d2b9}">
		<relationship name="parameter">
			<destination>{da7e72d6-19f4-45ea-8d3d-bf197def4826}</destination>
		</relationship>
		<relationship name="automationPoints">
			<destination>{33465bf1-7e70-4332-842f-e568442fa6ee}</destination>
			<destination>{af41658e-1f4c-4959-90ca-a5823f125489}</destination>
			<destination>{d2723e02-0b3d-41fc-8570-64779a65affe}</destination>
			<destination>{7373c8ef-923e-4022-84bf-b3fc5f125a58}</destination>
			<destination>{8b8fe854-e96c-4c63-919a-150d5bc85ef5}</destination>
		</relationship>
	</object>
	<object class="AutomationCurve" id="{cf5d486f-9f47-44e3-b44a-0652172b0cfd}">
		<relationship name="parameter">
			<destination>{8aa0593c-3b69-497c-9b00-9ba9713b7071}</destination>
		</relationship>
		<relationship name="automationPoints">
			<destination>{bdf9733e-0d47-4107-84c2-d657d9a33699}</destination>
			<destination>{271eb3a0-b112-4437-8d7d-14e97402fb90}</destination>
		</relationship>
	</object>
	<object class="MixerBusFader" id="{339e9d07-c7c7-4cd4-a190-8f31bb950e76}" />
	<object class="PitchShifterEffect" id="{68ce4acf-63df-496e-b911-8c025729af09}">
		<property name="pitch">
			<value>1.10000002</value>
		</property>
	</object>
	<object class="AutomationCurve" id="{8009b24d-3c10-44dc-8f9f-0d31cd886660}">
		<relationship name="parameter">
			<destination>{da7e72d6-19f4-45ea-8d3d-bf197def4826}</destination>
		</relationship>
		<relationship name="automationPoints">
			<destination>{865f71f0-0724-4401-ae5e-b226855bdd08}</destination>
			<destination>{0c8bcb5a-f61f-43fd-bfec-69097cd2b042}</destination>
			<destination>{7f0149fa-5790-4845-8022-d2baef060f1e}</destination>
			<destination>{7f260faf-a0c2-49ac-aea3-0da0cb1061c5}</destination>
			<destination>{954d8cd1-4ad5-4745-b097-c20e43a2e347}</destination>
		</relationship>
	</object>
	<object class="AutomationCurve" id="{5f74dac5-f4bf-4df2-b732-6d7455799492}">
		<relationship name="parameter">
			<destination>{8aa0593c-3b69-497c-9b00-9ba9713b7071}</destination>
		</relationship>
		<relationship name="automationPoints">
			<destination>{60ec876c-d3ef-4ed1-a9ab-42a52efa77fc}</destination>
			<destination>{eb4ebf35-43fc-4db2-a96b-ad7f4c615459}</destination>
		</relationship>
	</object>
	<object class="MixerBusFader" id="{f7a3befe-8395-49a7-9ee4-ea1841a06e9d}" />
	<object class="PitchShifterEffect" id="{4fa6ffb3-117b-419e-9900-35937f4713f5}">
		<property name="pitch">
			<value>1.14999998</value>
		</property>
	</object>
	<object class="AutomationCurve" id="{08afd048-9728-43ff-a48b-dc77c24dcf20}">
		<relationship name="parameter">
			<destination>{da7e72d6-19f4-45ea-8d3d-bf197def4826}</destination>
		</relationship>
		<relationship name="automationPoints">
			<destination>{fbac4ff2-a614-4d21-90ab-fdc8fcb28c67}</destination>
			<destination>{c139dacb-8cd5-41f3-a94a-899f62b353bf}</destination>
		</relationship>
	</object>
	<object class="AutomationCurve" id="{12b4525a-77a2-46f9-ace5-1ec4aeb6c541}">
		<relationship name="parameter">
			<destination>{8aa0593c-3b69-497c-9b00-9ba9713b7071}</destination>
		</relationship>
		<relationship name="automationPoints">
			<destination>{aac770cb-ebe4-4592-9990-831e62917bb7}</destination>
		</relationship>
	</object>
	<object class="MixerBusFader" id="{ce5d7fe3-1a0e-47f9-a5be-9187b5de6def}" />
	<object class="PitchShifterEffect" id="{081683d5-11b5-478e-9238-12dc89626d57}" />
	<object class="AutomationPoint" id="{e3b164c7-d1ed-451a-b5b2-643cfabc8cb6}">
		<property name="position">
			<value>0.23999999999999999</value>
		</property>
		<property name="value">
			<value>0</value>
		</property>
		<property name="curveShape">
			<value>0.498774558</value>
		</property>
	</object>
	<object class="AutomationPoint" id="{1acda95a-99f3-47e5-b65c-80b3509bca3e}">
		<property name="position">
			<value>0.28000000000000003</value>
		</property>
		<property name="value">
			<value>-80</value>
		</property>
	</object>
	<object class="AutomationPoint" id="{d8171f95-5e19-445a-9c36-a25eeccc624d}">
		<property name="position">
			<value>0</value>
		</property>
		<property name="value">
			<value>-7</value>
		</property>
	</object>
	<object class="AutomationPoint" id="{0f93d6f6-66ee-4087-83fd-351424a2e609}">
		<property name="position">
			<value>1</value>
		</property>
		<property name="value">
			<value>3.81469727e-06</value>
		</property>
	</object>
	<object class="AutomationPoint" id="{52a47148-7f16-49d8-8ed4-79923cbbb329}">
		<property name="position">
			<value>0</value>
		</property>
		<property name="value">
			<value>-80</value>
		</property>
	</object>
	<object class="AutomationPoint" id="{483e8a6d-952e-4162-9532-9c0e90eeb7f2}">
		<property name="position">
			<value>0.24740484429065746</value>
		</property>
		<property name="value">
			<value>-80</value>
		</property>
		<property name="curveShape">
			<value>-1</value>
		</property>
	</object>
	<object class="AutomationPoint" id="{00fbfd1a-6d8d-4d6e-af06-4c2ebe8477a7}">
		<property name="position">
			<value>0.28000000000000003</value>
		</property>
		<property name="value">
			<value>0</value>
		</property>
	</object>
	<object class="AutomationPoint" id="{a6e4e5b3-a581-4467-b3ee-2c15d5f6ce46}">
		<property name="position">
			<value>0.49826989619377166</value>
		</property>
		<property name="value">
			<value>3.81469727e-06</value>
		</property>
		<property name="curveShape">
			<value>1</value>
		</property>
	</object>
	<object class="AutomationPoint" id="{74cf857b-5b1d-4b0d-8302-c602f81cb787}">
		<property name="position">
			<value>0.53806228373702425</value>
		</property>
		<property name="value">
			<value>-80</value>
		</property>
	</object>
	<object class="AutomationPoint" id="{f791d6b5-7a57-4e82-b755-ce103e876a8a}">
		<property name="position">
			<value>0</value>
		</property>
		<property name="value">
			<value>-7</value>
		</property>
	</object>
	<object class="AutomationPoint" id="{caed6205-d548-491c-9723-db91801ce404}">
		<property name="position">
			<value>1</value>
		</property>
		<property name="value">
			<value>0</value>
		</property>
	</object>
	<object class="AutomationPoint" id="{33465bf1-7e70-4332-842f-e568442fa6ee}">
		<property name="position">
			<value>0</value>
		</property>
		<property name="value">
			<value>-80</value>
		</property>
	</object>
	<object class="AutomationPoint" id="{af41658e-1f4c-4959-90ca-a5823f125489}">
		<property name="position">
			<value>0.49826989619377166</value>
		</property>
		<property name="value">
			<value>-80</value>
		</property>
		<property name="curveShape">
			<value>-1</value>
		</property>
	</object>
	<object class="AutomationPoint" id="{d2723e02-0b3d-41fc-8570-64779a65affe}">
		<property name="position">
			<value>0.54000000000000004</value>
		</property>
		<property name="value">
			<value>0</value>
		</property>
	</object>
	<object class="AutomationPoint" id="{7373c8ef-923e-4022-84bf-b3fc5f125a58}">
		<property name="position">
			<value>0.74740484429065746</value>
		</property>
		<property name="value">
			<value>3.81469727e-06</value>
		</property>
		<property name="curveShape">
			<value>1</value>
		</property>
	</object>
	<object class="AutomationPoint" id="{8b8fe854-e96c-4c63-919a-150d5bc85ef5}">
		<property name="position">
			<value>0.80000000000000004</value>
		</property>
		<property name="value">
			<value>-80</value>
		</property>
	</object>
	<object class="AutomationPoint" id="{bdf9733e-0d47-4107-84c2-d657d9a33699}">
		<property name="position">
			<value>0</value>
		</property>
		<property name="value">
			<value>-7</value>
		</property>
	</object>
	<object class="AutomationPoint" id="{271eb3a0-b112-4437-8d7d-14e97402fb90}">
		<property name="position">
			<value>1</value>
		</property>
		<property name="value">
			<value>0</value>
		</property>
	</object>
	<object class="AutomationPoint" id="{865f71f0-0724-4401-ae5e-b226855bdd08}">
		<property name="position">
			<value>0</value>
		</property>
		<property name="value">
			<value>-80</value>
		</property>
	</object>
	<object class="AutomationPoint" id="{0c8bcb5a-f61f-43fd-bfec-69097cd2b042}">
		<property name="position">
			<value>0.74567474048442905</value>
		</property>
		<property name="value">
			<value>-80</value>
		</property>
		<property name="curveShape">
			<value>-1</value>
		</property>
	</object>
	<object class="AutomationPoint" id="{7f0149fa-5790-4845-8022-d2baef060f1e}">
		<property name="position">
			<value>0.80000000000000004</value>
		</property>
		<property name="value">
			<value>0</value>
		</property>
	</object>
	<object class="AutomationPoint" id="{7f260faf-a0c2-49ac-aea3-0da0cb1061c5}">
		<property name="position">
			<value>1</value>
		</property>
		<property name="value">
			<value>-80</value>
		</property>
	</object>
	<object class="AutomationPoint" id="{954d8cd1-4ad5-4745-b097-c20e43a2e347}">
		<property name="position">
			<value>0.98096885813148793</value>
		</property>
		<property name="value">
			<value>3.81469727e-06</value>
		</property>
		<property name="curveShape">
			<value>1</value>
		</property>
	</object>
	<object class="AutomationPoint" id="{60ec876c-d3ef-4ed1-a9ab-42a52efa77fc}">
		<property name="position">
			<value>0</value>
		</property>
		<property name="value">
			<value>-7</value>
		</property>
	</object>
	<object class="AutomationPoint" id="{eb4ebf35-43fc-4db2-a96b-ad7f4c615459}">
		<property name="position">
			<value>1</value>
		</property>
		<property name="value">
			<value>0</value>
		</property>
	</object>
	<object class="AutomationPoint" id="{fbac4ff2-a614-4d21-90ab-fdc8fcb28c67}">
		<property name="position">
			<value>0.99997916666666664</value>
		</property>
		<property name="value">
			<value>-80</value>
		</property>
	</object>
	<object class="AutomationPoint" id="{c139dacb-8cd5-41f3-a94a-899f62b353bf}">
		<property name="position">
			<value>1</value>
		</property>
		<property name="value">
			<value>-15</value>
		</property>
	</object>
	<object class="AutomationPoint" id="{aac770cb-ebe4-4592-9990-831e62917bb7}">
		<property name="position">
			<value>0</value>
		</property>
		<property name="value">
			<value>0</value>
		</property>
	</object>
</objects>
