<?xml version="1.0" encoding="UTF-8"?>
<objects serializationModel="Studio.02.02.00">
	<object class="Event" id="{e4706b45-df1a-4728-9152-0a7668d7a8e4}">
		<property name="name">
			<value>Sprint</value>
		</property>
		<property name="outputFormat">
			<value>1</value>
		</property>
		<relationship name="folder">
			<destination>{24a89e7e-a04b-43ee-b74a-1575b61c6ad2}</destination>
		</relationship>
		<relationship name="mixer">
			<destination>{fb912ce9-894a-4f86-b073-9d40903d1c1a}</destination>
		</relationship>
		<relationship name="masterTrack">
			<destination>{9fe2fbd4-4028-446b-beea-483324fd2fc9}</destination>
		</relationship>
		<relationship name="mixerInput">
			<destination>{5e52845c-c0b8-4aff-9819-77e05a8c99cf}</destination>
		</relationship>
		<relationship name="automatableProperties">
			<destination>{14df2076-b979-48f1-bab5-9062ad4eb9b3}</destination>
		</relationship>
		<relationship name="markerTracks">
			<destination>{337cc398-1bb9-430b-98a2-3e74605293c5}</destination>
		</relationship>
		<relationship name="timeline">
			<destination>{e1e10f36-4fe0-4f97-a1c3-ecf476c4fd76}</destination>
		</relationship>
		<relationship name="banks">
			<destination>{15ce56e8-d485-41d7-90f9-1050cf02dcc9}</destination>
		</relationship>
	</object>
	<object class="EventMixer" id="{fb912ce9-894a-4f86-b073-9d40903d1c1a}">
		<relationship name="masterBus">
			<destination>{876ea32d-6815-4501-bea5-5614003df5b0}</destination>
		</relationship>
	</object>
	<object class="MasterTrack" id="{9fe2fbd4-4028-446b-beea-483324fd2fc9}">
		<relationship name="modules">
			<destination>{31992964-cc95-4da3-b7b6-fe9452a2e16d}</destination>
		</relationship>
		<relationship name="mixerGroup">
			<destination>{876ea32d-6815-4501-bea5-5614003df5b0}</destination>
		</relationship>
	</object>
	<object class="MixerInput" id="{5e52845c-c0b8-4aff-9819-77e05a8c99cf}">
		<relationship name="effectChain">
			<destination>{4b2a65d4-8de8-465d-8d5e-020a9a119c21}</destination>
		</relationship>
		<relationship name="panner">
			<destination>{a35d9669-99cd-4e86-bcbc-70b99909c043}</destination>
		</relationship>
		<relationship name="output">
			<destination>{7342206a-7c8d-46d8-88dc-9f2aff6ed94e}</destination>
		</relationship>
	</object>
	<object class="EventAutomatableProperties" id="{14df2076-b979-48f1-bab5-9062ad4eb9b3}" />
	<object class="MarkerTrack" id="{337cc398-1bb9-430b-98a2-3e74605293c5}" />
	<object class="Timeline" id="{e1e10f36-4fe0-4f97-a1c3-ecf476c4fd76}">
		<relationship name="modules">
			<destination>{31992964-cc95-4da3-b7b6-fe9452a2e16d}</destination>
		</relationship>
	</object>
	<object class="EventMixerMaster" id="{876ea32d-6815-4501-bea5-5614003df5b0}">
		<property name="volume">
			<value>2.5</value>
		</property>
		<relationship name="effectChain">
			<destination>{3318fb02-6d3e-46f0-9dd4-c01ec2460752}</destination>
		</relationship>
		<relationship name="panner">
			<destination>{566dd4d3-f092-47dc-970e-f251a47ee732}</destination>
		</relationship>
		<relationship name="mixer">
			<destination>{fb912ce9-894a-4f86-b073-9d40903d1c1a}</destination>
		</relationship>
	</object>
	<object class="SingleSound" id="{31992964-cc95-4da3-b7b6-fe9452a2e16d}">
		<property name="isAsync">
			<value>true</value>
		</property>
		<property name="length">
			<value>291.28845804988663</value>
		</property>
		<property name="pitch">
			<value>0.100000001</value>
		</property>
		<property name="looping">
			<value>true</value>
		</property>
		<relationship name="audioFile">
			<destination>{abfcef80-b0d2-4995-b29c-bbda72ccee84}</destination>
		</relationship>
	</object>
	<object class="MixerBusEffectChain" id="{4b2a65d4-8de8-465d-8d5e-020a9a119c21}">
		<relationship name="effects">
			<destination>{a583e9ca-1d56-49ff-a1ba-4144f34e57c1}</destination>
		</relationship>
	</object>
	<object class="MixerBusPanner" id="{a35d9669-99cd-4e86-bcbc-70b99909c043}" />
	<object class="MixerBusEffectChain" id="{3318fb02-6d3e-46f0-9dd4-c01ec2460752}">
		<relationship name="effects">
			<destination>{b7bf0cee-2c21-4a54-9b00-8a4aa6157ceb}</destination>
		</relationship>
	</object>
	<object class="MixerBusPanner" id="{566dd4d3-f092-47dc-970e-f251a47ee732}" />
	<object class="MixerBusFader" id="{a583e9ca-1d56-49ff-a1ba-4144f34e57c1}" />
	<object class="MixerBusFader" id="{b7bf0cee-2c21-4a54-9b00-8a4aa6157ceb}" />
</objects>
