<?xml version="1.0" encoding="UTF-8"?>
<objects serializationModel="Studio.02.02.00">
	<object class="Event" id="{f7cdaad0-958e-48a2-8bc5-6a7de2061af7}">
		<property name="name">
			<value>Ambience</value>
		</property>
		<property name="outputFormat">
			<value>5</value>
		</property>
		<relationship name="folder">
			<destination>{24a89e7e-a04b-43ee-b74a-1575b61c6ad2}</destination>
		</relationship>
		<relationship name="mixer">
			<destination>{37215ab1-7753-43ea-b009-09d8fecedb90}</destination>
		</relationship>
		<relationship name="masterTrack">
			<destination>{1fad5452-b6d1-4a6d-b8d5-d0d67cfe0657}</destination>
		</relationship>
		<relationship name="mixerInput">
			<destination>{4c0031b7-2075-433a-a7ba-633ecbd82b07}</destination>
		</relationship>
		<relationship name="automatableProperties">
			<destination>{b595c3e3-1546-4b38-9a5a-cf8d9afb9f4b}</destination>
		</relationship>
		<relationship name="markerTracks">
			<destination>{23af28fd-89b4-4ab0-aaac-d739da1f8fd0}</destination>
		</relationship>
		<relationship name="groupTracks">
			<destination>{7a5c2b45-caa3-4c3f-99f2-b067cf13bb02}</destination>
			<destination>{315bc381-1d81-4818-873e-d9bf1d2d7c41}</destination>
			<destination>{a55df1c7-313d-4f5b-badb-cc433e9b32fb}</destination>
		</relationship>
		<relationship name="timeline">
			<destination>{6c78da2a-3ad2-4186-90cd-4d9f88a81101}</destination>
		</relationship>
		<relationship name="parameters">
			<destination>{52324a93-70b5-4769-933a-99ce7a112dd3}</destination>
		</relationship>
		<relationship name="banks">
			<destination>{15ce56e8-d485-41d7-90f9-1050cf02dcc9}</destination>
		</relationship>
	</object>
	<object class="EventMixer" id="{37215ab1-7753-43ea-b009-09d8fecedb90}">
		<relationship name="masterBus">
			<destination>{4d4f5b7c-564b-4f9f-a268-fd2552053f78}</destination>
		</relationship>
	</object>
	<object class="MasterTrack" id="{1fad5452-b6d1-4a6d-b8d5-d0d67cfe0657}">
		<relationship name="mixerGroup">
			<destination>{4d4f5b7c-564b-4f9f-a268-fd2552053f78}</destination>
		</relationship>
	</object>
	<object class="MixerInput" id="{4c0031b7-2075-433a-a7ba-633ecbd82b07}">
		<relationship name="effectChain">
			<destination>{3db220f2-e433-46a4-8c6b-94f5936a9cb9}</destination>
		</relationship>
		<relationship name="panner">
			<destination>{45d287cd-e5c1-4f65-b75f-54b260d0f2c0}</destination>
		</relationship>
		<relationship name="output">
			<destination>{7342206a-7c8d-46d8-88dc-9f2aff6ed94e}</destination>
		</relationship>
	</object>
	<object class="EventAutomatableProperties" id="{b595c3e3-1546-4b38-9a5a-cf8d9afb9f4b}" />
	<object class="MarkerTrack" id="{23af28fd-89b4-4ab0-aaac-d739da1f8fd0}" />
	<object class="GroupTrack" id="{7a5c2b45-caa3-4c3f-99f2-b067cf13bb02}">
		<relationship name="modules">
			<destination>{d2a411d6-bdef-4fcd-97d9-28f78f5a0472}</destination>
		</relationship>
		<relationship name="mixerGroup">
			<destination>{1e83ae7c-728e-424e-8147-425e3c7836f1}</destination>
		</relationship>
	</object>
	<object class="GroupTrack" id="{315bc381-1d81-4818-873e-d9bf1d2d7c41}">
		<relationship name="modules">
			<destination>{8fd7c271-f7c0-47fd-856b-f1a8b585e3a3}</destination>
		</relationship>
		<relationship name="mixerGroup">
			<destination>{537aadf9-d755-4291-954e-e308ad3b211d}</destination>
		</relationship>
	</object>
	<object class="GroupTrack" id="{a55df1c7-313d-4f5b-badb-cc433e9b32fb}">
		<relationship name="automationTracks">
			<destination>{a5c33ac6-ac87-44e5-b584-9d24850fd62b}</destination>
		</relationship>
		<relationship name="modules">
			<destination>{e021d910-a42a-4288-a6e4-ddc4e9ba9518}</destination>
		</relationship>
		<relationship name="mixerGroup">
			<destination>{e01cded5-2a99-43f0-b67b-07e8fe8ef53a}</destination>
		</relationship>
	</object>
	<object class="Timeline" id="{6c78da2a-3ad2-4186-90cd-4d9f88a81101}">
		<relationship name="modules">
			<destination>{d2a411d6-bdef-4fcd-97d9-28f78f5a0472}</destination>
			<destination>{8fd7c271-f7c0-47fd-856b-f1a8b585e3a3}</destination>
			<destination>{e021d910-a42a-4288-a6e4-ddc4e9ba9518}</destination>
		</relationship>
		<relationship name="markers">
			<destination>{abfa8d82-093e-483e-87ee-0b5140e14684}</destination>
		</relationship>
	</object>
	<object class="ParameterProxy" id="{52324a93-70b5-4769-933a-99ce7a112dd3}">
		<relationship name="preset">
			<destination>{8aa0593c-3b69-497c-9b00-9ba9713b7071}</destination>
		</relationship>
	</object>
	<object class="EventMixerMaster" id="{4d4f5b7c-564b-4f9f-a268-fd2552053f78}">
		<relationship name="effectChain">
			<destination>{bf96acd7-e7c8-419e-9510-a20b508008d7}</destination>
		</relationship>
		<relationship name="panner">
			<destination>{fc788190-b7fb-41a2-9b59-904b65991d3d}</destination>
		</relationship>
		<relationship name="mixer">
			<destination>{37215ab1-7753-43ea-b009-09d8fecedb90}</destination>
		</relationship>
	</object>
	<object class="MixerBusEffectChain" id="{3db220f2-e433-46a4-8c6b-94f5936a9cb9}">
		<relationship name="effects">
			<destination>{c75aa11e-b0bf-4fc3-9569-bb05d8b7427e}</destination>
		</relationship>
	</object>
	<object class="MixerBusPanner" id="{45d287cd-e5c1-4f65-b75f-54b260d0f2c0}" />
	<object class="SingleSound" id="{d2a411d6-bdef-4fcd-97d9-28f78f5a0472}">
		<property name="isAsync">
			<value>true</value>
		</property>
		<property name="length">
			<value>9.8413378684807249</value>
		</property>
		<property name="looping">
			<value>true</value>
		</property>
		<relationship name="audioFile">
			<destination>{58ca108e-6d17-4f53-a770-c7a4a9102b62}</destination>
		</relationship>
	</object>
	<object class="EventMixerGroup" id="{1e83ae7c-728e-424e-8147-425e3c7836f1}">
		<property name="name">
			<value>AC</value>
		</property>
		<relationship name="effectChain">
			<destination>{912aa1fb-294d-42b2-a05e-cb32e9b265be}</destination>
		</relationship>
		<relationship name="panner">
			<destination>{16c83088-7d87-4078-b751-d3495dfabeeb}</destination>
		</relationship>
		<relationship name="output">
			<destination>{4d4f5b7c-564b-4f9f-a268-fd2552053f78}</destination>
		</relationship>
	</object>
	<object class="SingleSound" id="{8fd7c271-f7c0-47fd-856b-f1a8b585e3a3}">
		<property name="isAsync">
			<value>true</value>
		</property>
		<property name="length">
			<value>9.8413378684807249</value>
		</property>
		<property name="looping">
			<value>true</value>
		</property>
		<relationship name="audioFile">
			<destination>{af32279d-9e8a-4aff-8526-573b925e246a}</destination>
		</relationship>
	</object>
	<object class="EventMixerGroup" id="{537aadf9-d755-4291-954e-e308ad3b211d}">
		<property name="name">
			<value>Electricity</value>
		</property>
		<relationship name="effectChain">
			<destination>{e0391f6a-4c20-4533-85a4-5102322eb0d0}</destination>
		</relationship>
		<relationship name="panner">
			<destination>{fa91517d-36d0-47d9-b37c-d10965952cce}</destination>
		</relationship>
		<relationship name="output">
			<destination>{4d4f5b7c-564b-4f9f-a268-fd2552053f78}</destination>
		</relationship>
	</object>
	<object class="AutomationTrack" id="{a5c33ac6-ac87-44e5-b584-9d24850fd62b}">
		<relationship name="automator">
			<destination>{6d06f8ef-dc2c-4fef-a62d-24a41451fbea}</destination>
		</relationship>
	</object>
	<object class="SoundScatterer" id="{e021d910-a42a-4288-a6e4-ddc4e9ba9518}">
		<property name="length">
			<value>9.8413378684807249</value>
		</property>
		<property name="volume">
			<value>-14</value>
		</property>
		<property name="polyphony">
			<value>1</value>
		</property>
		<property name="minimumTimeBetweenSounds">
			<value>1000</value>
		</property>
		<property name="spawnRate">
			<value>28</value>
		</property>
		<property name="maximumScatterDistance">
			<value>1</value>
		</property>
		<relationship name="fadeInCurve">
			<destination>{30e1976e-b779-4bea-88fa-4a6b3888e2f5}</destination>
		</relationship>
		<relationship name="fadeOutCurve">
			<destination>{98700e5b-661b-48d7-a66d-d7ffde7862f8}</destination>
		</relationship>
		<relationship name="sound">
			<destination>{4c826c77-d813-4080-9667-c5f3a4f928f9}</destination>
		</relationship>
	</object>
	<object class="EventMixerGroup" id="{e01cded5-2a99-43f0-b67b-07e8fe8ef53a}">
		<property name="name">
			<value>Static</value>
		</property>
		<relationship name="automators">
			<destination>{6d06f8ef-dc2c-4fef-a62d-24a41451fbea}</destination>
		</relationship>
		<relationship name="effectChain">
			<destination>{c9755757-d312-44d1-9576-ba24d4a68913}</destination>
		</relationship>
		<relationship name="panner">
			<destination>{d65da588-72f1-4bfd-b5d9-a9660340f2fe}</destination>
		</relationship>
		<relationship name="output">
			<destination>{4d4f5b7c-564b-4f9f-a268-fd2552053f78}</destination>
		</relationship>
	</object>
	<object class="LoopRegion" id="{abfa8d82-093e-483e-87ee-0b5140e14684}">
		<property name="position">
			<value>0</value>
		</property>
		<property name="length">
			<value>9.8413378684807249</value>
		</property>
		<relationship name="timeline">
			<destination>{6c78da2a-3ad2-4186-90cd-4d9f88a81101}</destination>
		</relationship>
		<relationship name="markerTrack">
			<destination>{23af28fd-89b4-4ab0-aaac-d739da1f8fd0}</destination>
		</relationship>
	</object>
	<object class="MixerBusEffectChain" id="{bf96acd7-e7c8-419e-9510-a20b508008d7}">
		<relationship name="effects">
			<destination>{39045afe-0f65-4cea-9b21-15cd230ba381}</destination>
		</relationship>
	</object>
	<object class="MixerBusPanner" id="{fc788190-b7fb-41a2-9b59-904b65991d3d}" />
	<object class="MixerBusFader" id="{c75aa11e-b0bf-4fc3-9569-bb05d8b7427e}" />
	<object class="MixerBusEffectChain" id="{912aa1fb-294d-42b2-a05e-cb32e9b265be}">
		<relationship name="effects">
			<destination>{00110503-b71b-4647-a9f5-2cb45150819c}</destination>
		</relationship>
	</object>
	<object class="MixerBusPanner" id="{16c83088-7d87-4078-b751-d3495dfabeeb}" />
	<object class="MixerBusEffectChain" id="{e0391f6a-4c20-4533-85a4-5102322eb0d0}">
		<relationship name="effects">
			<destination>{c5bce418-ee29-4d10-9086-002ad48a86f2}</destination>
		</relationship>
	</object>
	<object class="MixerBusPanner" id="{fa91517d-36d0-47d9-b37c-d10965952cce}" />
	<object class="FadeCurve" id="{30e1976e-b779-4bea-88fa-4a6b3888e2f5}">
		<relationship name="startPoint">
			<destination>{a62a00b6-827f-481f-b281-70ff6955acb5}</destination>
		</relationship>
		<relationship name="endPoint">
			<destination>{68f8391d-d07a-4f86-b174-ffb744965a57}</destination>
		</relationship>
	</object>
	<object class="FadeCurve" id="{98700e5b-661b-48d7-a66d-d7ffde7862f8}">
		<relationship name="startPoint">
			<destination>{11024fbe-b3b0-4ee4-be46-6a52647ecafb}</destination>
		</relationship>
		<relationship name="endPoint">
			<destination>{19fa97e5-4f32-42fd-9b9a-0ff24faeba18}</destination>
		</relationship>
	</object>
	<object class="MultiSound" id="{4c826c77-d813-4080-9667-c5f3a4f928f9}">
		<relationship name="sounds">
			<destination>{b5f439e9-65c9-42a0-8730-23df55070a27}</destination>
			<destination>{0351aa1c-48e3-46ac-81f3-36b6deca0513}</destination>
		</relationship>
	</object>
	<object class="Automator" id="{6d06f8ef-dc2c-4fef-a62d-24a41451fbea}">
		<property name="nameOfPropertyBeingAutomated">
			<value>volume</value>
		</property>
		<relationship name="automationCurves">
			<destination>{4e343f82-2670-4212-b4fa-9c69d852654b}</destination>
		</relationship>
	</object>
	<object class="MixerBusEffectChain" id="{c9755757-d312-44d1-9576-ba24d4a68913}">
		<relationship name="effects">
			<destination>{1d77c6c3-d843-43c6-b80f-bed5aecb13ae}</destination>
		</relationship>
	</object>
	<object class="MixerBusPanner" id="{d65da588-72f1-4bfd-b5d9-a9660340f2fe}" />
	<object class="MixerBusFader" id="{39045afe-0f65-4cea-9b21-15cd230ba381}" />
	<object class="MixerBusFader" id="{00110503-b71b-4647-a9f5-2cb45150819c}" />
	<object class="MixerBusFader" id="{c5bce418-ee29-4d10-9086-002ad48a86f2}" />
	<object class="AutomationPoint" id="{a62a00b6-827f-481f-b281-70ff6955acb5}">
		<property name="position">
			<value>0</value>
		</property>
		<property name="value">
			<value>0</value>
		</property>
		<property name="curveShape">
			<value>-0.2547189</value>
		</property>
	</object>
	<object class="AutomationPoint" id="{68f8391d-d07a-4f86-b174-ffb744965a57}">
		<property name="position">
			<value>0.40000000000000002</value>
		</property>
		<property name="value">
			<value>1</value>
		</property>
	</object>
	<object class="AutomationPoint" id="{11024fbe-b3b0-4ee4-be46-6a52647ecafb}">
		<property name="position">
			<value>9.4000000000000004</value>
		</property>
		<property name="value">
			<value>1</value>
		</property>
		<property name="curveShape">
			<value>0.25471893</value>
		</property>
	</object>
	<object class="AutomationPoint" id="{19fa97e5-4f32-42fd-9b9a-0ff24faeba18}">
		<property name="position">
			<value>9.8413378684807249</value>
		</property>
		<property name="value">
			<value>0</value>
		</property>
	</object>
	<object class="SingleSound" id="{b5f439e9-65c9-42a0-8730-23df55070a27}">
		<relationship name="audioFile">
			<destination>{e1bf4617-728d-4019-a56b-284b99b65888}</destination>
		</relationship>
	</object>
	<object class="SilenceSound" id="{0351aa1c-48e3-46ac-81f3-36b6deca0513}" />
	<object class="AutomationCurve" id="{4e343f82-2670-4212-b4fa-9c69d852654b}">
		<relationship name="parameter">
			<destination>{8aa0593c-3b69-497c-9b00-9ba9713b7071}</destination>
		</relationship>
		<relationship name="automationPoints">
			<destination>{447c30a8-e844-40ed-8438-70cee086a644}</destination>
			<destination>{14d91021-2f93-460d-835b-e576822faa1f}</destination>
		</relationship>
	</object>
	<object class="MixerBusFader" id="{1d77c6c3-d843-43c6-b80f-bed5aecb13ae}" />
	<object class="AutomationPoint" id="{447c30a8-e844-40ed-8438-70cee086a644}">
		<property name="position">
			<value>0</value>
		</property>
		<property name="value">
			<value>-80</value>
		</property>
	</object>
	<object class="AutomationPoint" id="{14d91021-2f93-460d-835b-e576822faa1f}">
		<property name="position">
			<value>1</value>
		</property>
		<property name="value">
			<value>0</value>
		</property>
	</object>
</objects>
