<?xml version="1.0" encoding="UTF-8"?>
<objects serializationModel="Studio.02.02.00">
	<object class="Workspace" id="{11783235-0bde-4141-b5cf-5b6b6791d2e4}">
		<relationship name="projectSettings">
			<destination>{62e80667-d3af-4a75-84a6-b8c5dce2cd7e}</destination>
		</relationship>
		<relationship name="changelist">
			<destination>{165d1fb9-c446-4a2d-ba1a-df0966e9501d}</destination>
		</relationship>
	</object>
	<object class="ProjectSettings" id="{62e80667-d3af-4a75-84a6-b8c5dce2cd7e}">
		<relationship name="activePlatform">
			<destination>{2ded2318-8a89-4ebd-9bab-753fe2bae881}</destination>
		</relationship>
	</object>
	<object class="WorkspaceChangelist" id="{165d1fb9-c446-4a2d-ba1a-df0966e9501d}" />
</objects>
