<?xml version="1.0" encoding="UTF-8"?>
<objects serializationModel="Studio.02.02.00">
	<object class="AudioFile" id="{5d4cfd5d-58e9-4626-b088-a69922980b99}">
		<property name="assetPath">
			<value>Sound Effects/scan.wav</value>
		</property>
		<property name="frequencyInKHz">
			<value>44.0999985</value>
		</property>
		<property name="channelCount">
			<value>2</value>
		</property>
		<property name="length">
			<value>0.11804988662131519</value>
		</property>
		<relationship name="masterAssetFolder">
			<destination>{e7459371-d473-4442-92c6-b1b3927ccec0}</destination>
		</relationship>
	</object>
</objects>
