<?xml version="1.0" encoding="UTF-8"?>
<objects serializationModel="Studio.02.02.00">
	<object class="AudioFile" id="{906e8d21-61aa-4df0-ad42-e4d9b6a06176}">
		<property name="assetPath">
			<value>Sound Effects/water_refill.wav</value>
		</property>
		<property name="isStreaming">
			<value>true</value>
		</property>
		<property name="frequencyInKHz">
			<value>44.0999985</value>
		</property>
		<property name="channelCount">
			<value>2</value>
		</property>
		<property name="length">
			<value>18.721156462585036</value>
		</property>
		<relationship name="masterAssetFolder">
			<destination>{e7459371-d473-4442-92c6-b1b3927ccec0}</destination>
		</relationship>
	</object>
</objects>
