<?xml version="1.0" encoding="UTF-8"?>
<objects serializationModel="Studio.02.02.00">
	<object class="AudioFile" id="{9e36cfb7-23d8-4c6c-80b1-714b23cf2bb5}">
		<property name="assetPath">
			<value>Sound Effects/Manager/seventeen.wav</value>
		</property>
		<property name="frequencyInKHz">
			<value>44.0999985</value>
		</property>
		<property name="channelCount">
			<value>2</value>
		</property>
		<property name="length">
			<value>5.5432653061224491</value>
		</property>
		<relationship name="masterAssetFolder">
			<destination>{e7459371-d473-4442-92c6-b1b3927ccec0}</destination>
		</relationship>
	</object>
</objects>
