<?xml version="1.0" encoding="UTF-8"?>
<objects serializationModel="Studio.02.02.00">
	<object class="ParameterPreset" id="{15ad6570-c6e4-4e7c-ba58-f87d238f2df2}">
		<property name="name">
			<value>ManagerTalking</value>
		</property>
		<relationship name="folder">
			<destination>{840a4507-f0df-46a7-8f5b-8aaa76b44346}</destination>
		</relationship>
		<relationship name="parameter">
			<destination>{8aa0593c-3b69-497c-9b00-9ba9713b7071}</destination>
		</relationship>
	</object>
	<object class="GameParameter" id="{8aa0593c-3b69-497c-9b00-9ba9713b7071}">
		<property name="parameterType">
			<value>2</value>
		</property>
		<property name="maximum">
			<value>2</value>
		</property>
		<property name="enumerationLabels">
			<value>True</value>
			<value>False</value>
		</property>
		<property name="initialValue">
			<value>0</value>
		</property>
	</object>
</objects>
