<?xml version="1.0" encoding="UTF-8"?>
<objects serializationModel="Studio.02.02.00">
	<object class="ParameterPreset" id="{414fcfae-daed-4bfa-a53a-1ebc7c67761e}">
		<property name="name">
			<value>LevelPercentage</value>
		</property>
		<relationship name="folder">
			<destination>{840a4507-f0df-46a7-8f5b-8aaa76b44346}</destination>
		</relationship>
		<relationship name="parameter">
			<destination>{da7e72d6-19f4-45ea-8d3d-bf197def4826}</destination>
		</relationship>
	</object>
	<object class="GameParameter" id="{da7e72d6-19f4-45ea-8d3d-bf197def4826}">
		<property name="initialValue">
			<value>0</value>
		</property>
	</object>
</objects>
