<?xml version="1.0" encoding="UTF-8"?>
<objects serializationModel="Studio.02.02.00">
	<object class="ParameterPreset" id="{f593353d-556f-4e74-a98d-99210b5dba76}">
		<property name="name">
			<value>SceneIndex</value>
		</property>
		<relationship name="folder">
			<destination>{840a4507-f0df-46a7-8f5b-8aaa76b44346}</destination>
		</relationship>
		<relationship name="parameter">
			<destination>{47f4f128-7e65-420e-a28f-0c9016f5dd66}</destination>
		</relationship>
	</object>
	<object class="GameParameter" id="{47f4f128-7e65-420e-a28f-0c9016f5dd66}">
		<property name="parameterType">
			<value>1</value>
		</property>
		<property name="maximum">
			<value>2</value>
		</property>
		<property name="initialValue">
			<value>0</value>
		</property>
	</object>
</objects>
