<?xml version="1.0" encoding="UTF-8"?>
<objects serializationModel="Studio.02.02.00">
	<object class="EncodingSetting" id="{0b701ff5-063f-448d-b12c-f0f9eaf2b37a}">
		<property name="encodingFormat">
			<value>3</value>
		</property>
		<property name="quality">
			<value>37</value>
		</property>
		<relationship name="platform">
			<destination>{2ded2318-8a89-4ebd-9bab-753fe2bae881}</destination>
		</relationship>
		<relationship name="encodable">
			<destination>{2ded2318-8a89-4ebd-9bab-753fe2bae881}</destination>
		</relationship>
	</object>
</objects>
