<?xml version="1.0" encoding="UTF-8"?>
<objects serializationModel="Studio.02.02.00">
	<object class="MixerMaster" id="{7342206a-7c8d-46d8-88dc-9f2aff6ed94e}">
		<property name="name">
			<value>Master Bus</value>
		</property>
		<relationship name="effectChain">
			<destination>{03b7ce38-e5d6-4626-ad0d-eae853b97054}</destination>
		</relationship>
		<relationship name="panner">
			<destination>{507cc3a7-9c14-40dd-9d9b-6327117756a7}</destination>
		</relationship>
		<relationship name="mixer">
			<destination>{aa3a50eb-a874-4d15-aac3-49f6b437427f}</destination>
		</relationship>
	</object>
	<object class="MixerBusEffectChain" id="{03b7ce38-e5d6-4626-ad0d-eae853b97054}">
		<relationship name="effects">
			<destination>{89a37c9a-896b-42f8-a372-8d29c1338dc8}</destination>
		</relationship>
	</object>
	<object class="MixerBusPanner" id="{507cc3a7-9c14-40dd-9d9b-6327117756a7}">
		<property name="overridingOutputFormat">
			<value>2</value>
		</property>
	</object>
	<object class="MixerBusFader" id="{89a37c9a-896b-42f8-a372-8d29c1338dc8}" />
</objects>
