<?xml version="1.0" encoding="UTF-8"?>
<objects serializationModel="Studio.02.02.00">
	<object class="Workspace" id="{11783235-0bde-4141-b5cf-5b6b6791d2e4}">
		<relationship name="masterEventFolder">
			<destination>{24a89e7e-a04b-43ee-b74a-1575b61c6ad2}</destination>
		</relationship>
		<relationship name="masterTagFolder">
			<destination>{271c6b04-3dcd-44af-9c3a-3a082889caca}</destination>
		</relationship>
		<relationship name="masterEffectPresetFolder">
			<destination>{9491fec8-7de2-453b-90e8-7fb73ed1d735}</destination>
		</relationship>
		<relationship name="masterParameterPresetFolder">
			<destination>{840a4507-f0df-46a7-8f5b-8aaa76b44346}</destination>
		</relationship>
		<relationship name="masterBankFolder">
			<destination>{c33f0e8f-1782-4d02-864e-8ef47bb26596}</destination>
		</relationship>
		<relationship name="masterSandboxFolder">
			<destination>{e7921cc3-6916-4127-9b6f-8e531334b2f9}</destination>
		</relationship>
		<relationship name="masterAssetFolder">
			<destination>{e7459371-d473-4442-92c6-b1b3927ccec0}</destination>
		</relationship>
		<relationship name="mixer">
			<destination>{aa3a50eb-a874-4d15-aac3-49f6b437427f}</destination>
		</relationship>
		<relationship name="profilerSessionFolder">
			<destination>{686a7e51-9959-459e-bc61-45f25d270d07}</destination>
		</relationship>
		<relationship name="platforms">
			<destination>{2ded2318-8a89-4ebd-9bab-753fe2bae881}</destination>
		</relationship>
	</object>
</objects>
